stock_code,description,revenue_gbp,abc_class
22423,Regency Cakestand 3 Tier,168162.42,A
47566,Party Bunting,98526.75,A
85123A,White Hanging Heart T-Light Holder,94476.2,A
85099B,Jumbo Bag Red Retrospot,91932.91,A
22086,Paper Chain Kit 50'S Christmas,58007.83,A
23084,Rabbit Night Light,57241.57,A
84879,Assorted Colour Bird Ornament,56764.88,A
79321,Chilli Lights,51456.62,A
22502,Picnic Basket Wicker Small,51408.77,A
22197,Small Popcorn Holder,45910.67,A
23298,Spotty Bunting,42383.32,A
22386,Jumbo Bag Pink Polkadot,41474.69,A
23203,Jumbo Bag Vintage Doily,40678.76,A
22720,Set Of 3 Cake Tins Pantry Design,37020.74,A
23284,Doormat Keep Calm And Come In,36575.42,A
22960,Jam Making Set With Jars,35826.85,A
20725,Lunch Bag Red Retrospot,35086.01,A
21137,Black Record Cover Frame,35050.95,A
82484,Wood Black Board Ant White Finish,33624.34,A
85099F,Jumbo Bag Strawberry,32150.08,A
22469,Heart Of Wicker Small,31796.82,A
22178,Victorian Glass Hanging T-Light,31262.16,A
22910,Paper Chain Kit Vintage Christmas,30083.23,A
21931,Jumbo Storage Bag Suki,29919.57,A
23199,Jumbo Bag Apples,29878.19,A
22470,Heart Of Wicker Large,29757.01,A
23245,Set Of 3 Regency Cake Tins,29439.26,A
22112,Chocolate Hot Water Bottle,29356.34,A
22114,Hot Water Bottle Tea And Sympathy,29238.64,A
22699,Roses Regency Teacup And Saucer,28009.19,A
22411,Jumbo Shopper Vintage Red Paisley,27493.94,A
85099C,Jumbo  Bag Baroque Black White,27411.79,A
20685,Doormat Red Retrospot,27393.48,A
22355,Charlotte Bag Suki Design,26902.63,A
22727,Alarm Clock Bakelike Red,26830.47,A
23201,Jumbo Bag Alphabet,26588.05,A
22457,Natural Slate Heart Chalkboard,25320.25,A
22726,Alarm Clock Bakelike Green,25320.05,A
21915,Red  Harmonica In Box,25104.38,A
22629,Spaceboy Lunch Box,24934.6,A
48138,Doormat Union Flag,24917.66,A
84946,Antique Silver Tea Glass Etched,24872.64,A
23355,Hot Water Bottle Keep Calm,24744.12,A
22666,Recipe Box Pantry Yellow Design,24557.06,A
23173,Regency Teapot Roses,24402.57,A
21621,Vintage Union Jack Bunting,24245.7,A
22722,Set Of 6 Spice Tins Pantry Design,23937.1,A
22961,Jam Making Set Printed,23906.22,A
48187,Doormat New England,23785.29,A
48185,Doormat Fairy Cake,23765.66,A
84347,Rotating Silver Angels T-Light Hldr,23729.9,A
21181,Please One Person Metal Sign,23711.36,A
22326,Round Snack Boxes Set Of4 Woodland,23558.27,A
15056N,Edwardian Parasol Natural,23224.13,A
23243,Set Of Tea Coffee Sugar Tins Pantry,23121.24,A
21731,Red Toadstool Led Night Light,22936.93,A
22138,Baking Set 9 Piece Retrospot,22833.16,A
21929,Jumbo Bag Pink Vintage Paisley,22788.61,A
82482,Wooden Picture Frame White Finish,22565.12,A
22090,Paper Bunting Retrospot,22444.68,A
21733,Red Hanging Heart T-Light Holder,22436.9,A
21623,Vintage Union Jack Memoboard,22381.94,A
22111,Scottie Dog Hot Water Bottle,22315.48,A
22383,Lunch Bag Suki  Design,22091.64,A
22189,Cream Heart Card Holder,21999.19,A
20713,Jumbo Bag Owls,21945.7,A
48194,Doormat Hearts,21826.66,A
84997D,Pink 3 Piece Mini Dots Cutlery Set,21792.41,A
22697,Green Regency Teacup And Saucer,21739.87,A
22139,Retrospot Tea Set Ceramic 11 Pc,21724.81,A
20727,Lunch Bag  Black Skull.,21666.37,A
20712,Jumbo Bag Woodland Animals,21649.04,A
23344,Jumbo Bag 50'S Christmas,21527.12,A
20728,Lunch Bag Cars Blue,21434.52,A
22630,Dolly Girl Lunch Box,21217.68,A
21523,Doormat Fancy Font Home Sweet Home,21149.6,A
85066,Cream Sweetheart Mini Chest,21053.46,A
82494L,Wooden Frame Antique White,20969.4,A
23202,Jumbo Bag Vintage Leaf,20797.98,A
21212,Pack Of 72 Retrospot Cake Cases,20739.58,A
23209,Lunch Bag Vintage Doily,20651.7,A
22659,Lunch Box I Love London,20552.66,A
21928,Jumbo Bag Scandinavian Paisley,20551.35,A
20724,Red Retrospot Charlotte Bag,20350.03,A
23206,Lunch Bag Apple Design,20328.85,A
84029E,Red Woolly Hottie White Heart.,20233.88,A
21843,Red Retrospot Cake Stand,20217.9,A
22728,Alarm Clock Bakelike Pink,19836.14,A
22501,Picnic Basket Wicker Large,19302.26,A
21175,Gin + Tonic Diet Metal Sign,19225.07,A
21166,Cook With Wine Metal Sign,19041.39,A
71477,Colour Glass. Star T-Light Holder,19022.42,A
22328,Round Snack Boxes Set Of 4 Fruits,18776.37,A
84997B,Red 3 Piece Mini Dots Cutlery Set,18633.96,A
21479,White Skull Hot Water Bottle,18519.54,A
15036,Assorted Colours Silk Fan,18495.77,A
22969,Homemade Jam Scented Candles,18367.73,A
22467,Gumball Coat Rack,18108.61,A
20726,Lunch Bag Woodland,17895.9,A
20914,Set/5 Red Retrospot Lid Glass Bowls,17877.26,A
22382,Lunch Bag Spaceboy Design,17772.21,A
22693,Grow A Flytrap Or Sunflower In Tin,17621.43,A
82486,Wood S/3 Cabinet Ant White Finish,17552.51,A
22384,Lunch Bag Pink Polkadot,17125.7,A
21485,Retrospot Heart Hot Water Bottle,16801.59,A
22492,Mini Paint Set Vintage,16744.1,A
22698,Pink Regency Teacup And Saucer,16581.3,A
22077,6 Ribbons Rustic Charm,16552.87,A
21754,Home Building Block Word,16521.57,A
15056BL,Edwardian Parasol Black,16405.49,A
22385,Jumbo Bag Spaceboy Design,16384.81,A
84997C,Blue 3 Piece Mini Dots Cutlery Set,16340.19,A
23240,Set Of 4 Knick Knack Tins Doily,16305.61,A
22835,Hot Water Bottle I Am So Poorly,16223.88,A
84978,Hanging Heart Jar T-Light Holder,16190.94,A
84078A,Set/4 White Retro Storage Cubes,16185.16,A
82583,Hot Baths Metal Sign,16133.42,A
22865,Hand Warmer Owl Design,16032.12,A
20719,Woodland Charlotte Bag,15882.1,A
22993,Set Of 4 Pantry Jelly Moulds,15839.85,A
22624,Ivory Kitchen Scales,15696.72,A
21232,Strawberry Ceramic Trinket Box,15454.6,A
22379,Recycling Bag Retrospot,15221.5,A
22084,Paper Chain Kit Empire,15066.92,A
23301,Gardeners Kneeling Pad Keep Calm,14676.43,A
84029G,Knitted Union Flag Hot Water Bottle,14656.52,A
22900,Set 2 Tea Towels I Love London,14444.08,A
82483,Wood 2 Drawer Cabinet White Finish,14371.98,A
85152,Hand Over The Chocolate   Sign,14163.48,A
22847,Bread Bin Diner Style Ivory,14058.95,A
23313,Vintage Christmas Bunting,14045.21,A
48184,Doormat English Rose,13931.71,A
23200,Jumbo Bag Pears,13914.76,A
22507,Memo Board Retrospot  Design,13869.93,A
22625,Red Kitchen Scales,13601.62,A
22752,Set 7 Babushka Nesting Boxes,13554.32,A
22622,Box Of Vintage Alphabet Blocks,13470.62,A
22083,Paper Chain Kit Retrospot,13462.37,A
84077,World War 2 Gliders Asstd Designs,13434.84,A
21930,Jumbo Storage Bag Skulls,13387.91,A
22171,3 Hook Photo Shelf Antique White,13272.18,A
21524,Doormat Spotty Home Sweet Home,13241.03,A
22551,Plasters In Tin Spaceboy,13194.08,A
22866,Hand Warmer Scotty Dog Design,13142.62,A
23207,Lunch Bag Alphabet Design,13110.15,A
23077,Doughnut Lip Gloss,13001.09,A
22554,Plasters In Tin Woodland Animals,12996.82,A
47566B,Tea Time Party Bunting,12921.47,A
22558,Clothes Pegs Retrospot Pack 24,12859.53,A
22776,Sweetheart Cakestand 3 Tier,12749.83,A
22427,Enamel Flower Jug Cream,12647.26,A
22499,Wooden Union Jack Bunting,12639.02,A
23108,Set Of 10 Led Dolly Lights,12592.17,A
22867,Hand Warmer Bird Design,12516.01,A
23356,Love Hot Water Bottle,12426.2,A
22149,Feltcraft 6 Flower Friends,12357.08,A
22568,Feltcraft Cushion Owl,12323.89,A
23343,Jumbo Bag Vintage Christmas,12263.32,A
20750,Red Retrospot Mini Cases,12255.22,A
21755,Love Building Block Word,12198.52,A
22113,Grey Heart Hot Water Bottle,12163.62,A
22941,Christmas Lights 10 Reindeer,12135.99,A
23174,Regency Sugar Bowl Green,12126.73,A
22607,Wooden Rounders Garden Set,12121.75,A
48188,Doormat Welcome Puppies,12098.77,A
47590B,Pink Happy Birthday Bunting,12087.06,A
21977,Pack Of 60 Pink Paisley Cake Cases,12082.79,A
22424,Enamel Bread Bin Cream,11992.9,A
82600,No Singing Metal Sign,11967.25,A
21790,Vintage Snap Cards,11921.22,A
22273,Feltcraft Doll Molly,11789.85,A
20723,Strawberry Charlotte Bag,11774.83,A
23328,Set 6 School Milk Bottles In Crate,11747.02,A
22087,Paper Bunting White Lace,11736.88,A
21430,Set/3 Red Gingham Rose Storage Box,11689.17,A
22191,Ivory Diner Wall Clock,11657.39,A
22188,Black Heart Card Holder,11605.86,A
20749,Assorted Colour Mini Cases,11558.94,A
21936,Red Retrospot Picnic Bag,11530.37,A
22158,3 Hearts Hanging Decoration Rustic,11416.54,A
22692,Doormat Welcome To Our Home,11332.29,A
22193,Red Diner Wall Clock,11310.56,A
22570,Feltcraft Cushion Rabbit,11204.97,A
21216,"Set 3 Retrospot Tea,Coffee,Sugar",11134.2,A
22041,"Record Frame 7"" Single Size",11134.02,A
21080,Set/20 Red Retrospot Paper Napkins,11119.9,A
21340,Classic Metal Birdcage Plant Holder,11096.56,A
20711,Jumbo Bag Toys,11010.49,A
21217,Red Retrospot Round Cake Tins,11009.3,A
23300,Gardeners Kneeling Pad Cup Of Tea,10967.42,A
22730,Alarm Clock Bakelike Ivory,10953.34,A
22662,Lunch Bag Dolly Girl Design,10934.63,A
22605,Wooden Croquet Garden Set,10901.12,A
22356,Charlotte Bag Pink Polkadot,10886.54,A
85014B,Red Retrospot Umbrella,10856.58,A
23170,Regency Tea Plate Roses,10839.87,A
71459,Hanging Jam Jar T-Light Holder,10754.29,A
21481,Fawn Blue Hot Water Bottle,10678.2,A
47590A,Blue Happy Birthday Bunting,10448.37,A
84755,Colour Glass T-Light Holder Hanging,10354.49,A
22988,Soldiers Egg Cup,10336.69,A
85048,15Cm Christmas Glass Ball 20 Lights,10325.8,A
22846,Bread Bin Diner Style Red,10227.85,A
48173C,Doormat Black Flock,10188.32,A
23581,Jumbo Bag Paisley Park,10188.06,A
22617,Baking Set Spaceboy Design,10173.8,A
84997A,Green 3 Piece Mini Dots Cutlery Set,10164.79,A
22992,Revolver Wooden Ruler,10155.77,A
22569,Feltcraft Cushion Butterfly,10110.83,A
22734,Set Of 6 Ribbons Vintage Christmas,10092.31,A
21791,Vintage Heads And Tails Card Game,9994.16,A
22970,London Bus Coffee Mug,9914.07,A
23208,Lunch Bag Vintage Leaf Design,9877.78,A
21218,Red Spotty Biscuit Tin,9836.41,A
22169,Family Album White Picture Frame,9830.81,A
23171,Regency Tea Plate Green,9751.73,A
22690,Doormat Home Sweet Home Blue,9724.4,A
21891,Traditional Wooden Skipping Rope,9723.26,A
20679,Edwardian Parasol Red,9689.69,A
21914,Blue Harmonica In Box,9686.65,A
22556,Plasters In Tin Circus Parade,9679.1,A
22654,Deluxe Sewing Kit,9631.82,A
23076,Ice Cream Sundae Lip Gloss,9616.08,A
22766,Photo Frame Cornice,9593.06,A
21559,Strawberry Lunch Box With Cutlery,9589.72,A
22838,3 Tier Cake Tin Red And Cream,9573.68,A
22555,Plasters In Tin Strongman,9539.99,A
84947,Antique Silver Tea Glass Engraved,9515.74,A
22978,Pantry Rolling Pin,9497.76,A
22621,Traditional Knitting Nancy,9451.57,A
23175,Regency Milk Jug Pink,9427.09,A
22844,Vintage Cream Dog Food Container,9400.04,A
22456,Natural Slate Chalkboard Large,9310.84,A
21314,Small Glass Heart Trinket Pot,9303.72,A
22791,T-Light Glass Fluted Antique,9297.34,A
22561,Wooden School Colouring Set,9252.75,A
20971,Pink Blue Felt Craft Trinket Box,9248.66,A
21155,Red Retrospot Peg Bag,9101.18,A
22619,Set Of 6 Soldier Skittles,9096.05,A
84991,60 Teatime Fairy Cake Cases,9084.67,A
22633,Hand Warmer Union Jack,9079.14,A
85150,Ladies & Gentlemen Metal Sign,9068.91,A
22729,Alarm Clock Bakelike Orange,9035.79,A
22759,Set Of 3 Notebooks In Parcel,9027.44,A
22952,60 Cake Cases Vintage Christmas,9015.36,A
84375,Set Of 20 Kids Cookie Cutters,9000.95,A
22144,Christmas Craft Little Friends,8977.11,A
48116,Doormat Multicolour Stripe,8867.5,A
20972,Pink Cream Felt Craft Trinket Box,8852.33,A
22966,Gingerbread Man Cookie Cutter,8834.44,A
22771,Clear Drawer Knob Acrylic Edwardian,8802.59,A
22989,Set 2 Pantry Design Tea Towels,8799.32,A
22749,Feltcraft Princess Charlotte Doll,8720.01,A
22947,Wooden Advent Calendar Red,8714.24,A
23319,Box Of 6 Mini 50'S Crackers,8699.44,A
35970,Zinc Folkart Sleigh Bells,8680.91,A
23322,Large White Heart Of Wicker,8648.66,A
21174,Pottering In The Shed Metal Sign,8648.34,A
22652,Travel Sewing Kit,8612.07,A
22147,Feltcraft Butterfly Hearts,8573.29,A
23318,Box Of 6 Mini Vintage Crackers,8547.66,A
23078,Ice Cream Pen Lip Gloss,8501.2,A
22560,Traditional Modelling Clay,8500.36,A
21889,Wooden Box Of Dominoes,8425.89,A
82582,Area Patrolled Metal Sign,8423.82,A
22632,Hand Warmer Red Retrospot,8418.56,A
21213,Pack Of 72 Skull Cake Cases,8330.89,A
71053,White Metal Lantern,8328.33,A
21210,Set Of 72 Retrospot Paper  Doilies,8265.65,A
84378,Set Of 3 Heart Cookie Cutters,8218.14,A
21035,Set/2 Red Retrospot Tea Towels,8173.45,A
84945,Multi Colour Silver T-Light Holder,8166.39,A
23256,Childrens Cutlery Spaceboy,8164.75,A
23321,Small White Heart Of Wicker,8143.21,A
22655,Vintage Red Kitchen Cabinet,8125.0,A
72741,Grand Chocolatecandle,8044.17,A
22795,Sweetheart Recipe Book Stand,8039.96,A
22804,Candleholder Pink Hanging Heart,8006.15,A
23082,Set 6 Paper Table Lantern Hearts,7921.24,A
21484,Chick Grey Hot Water Bottle,7897.78,A
22192,Blue Diner Wall Clock,7892.53,A
84380,Set Of 3 Butterfly Cookie Cutters,7865.34,A
21121,Set/10 Red Polkadot Party Candles,7862.6,A
23439,Hand Warmer Red Love Heart,7852.27,A
22968,Rose Cottage Keepsake Box,7812.06,A
22768,Family Photo Frame Cornice,7784.05,A
23534,Wall Art Stop For Tea,7775.66,A
84970S,Hanging Heart Zinc T-Light Holder,7762.62,A
22616,Pack Of 12 London Tissues,7760.61,A
22487,White Wood Garden Plant Ladder,7751.67,A
22352,Lunch Box With Cutlery Retrospot,7731.56,A
21136,Painted Metal Pears Assorted,7644.81,A
22725,Alarm Clock Bakelike Chocolate,7611.54,A
22667,Recipe Box Retrospot,7587.9,A
48111,Doormat 3 Smiley Cats,7581.35,A
23493,Vintage Doily Travel Sewing Kit,7558.48,A
23007,Spaceboy Baby Gift Set,7547.57,A
22940,Feltcraft Christmas Fairy,7523.72,A
84406B,Cream Cupid Hearts Coat Hanger,7516.22,A
22173,Metal 4 Hook Hanger French Chateau,7493.29,A
21770,Open Closed Metal Sign,7473.75,A
21955,Doormat Union Jack Guns And Roses,7468.6,A
22557,Plasters In Tin Vintage Paisley,7457.18,A
22991,Giraffe Wooden Ruler,7431.68,A
22909,Set Of 20 Vintage Christmas Napkins,7408.32,A
21231,Sweetheart Ceramic Trinket Box,7402.08,A
22585,Pack Of 6 Birdy Gift Tags,7398.49,A
21668,Red Stripe Ceramic Drawer Knob,7397.01,A
84836,Zinc Metal Heart Decoration,7324.56,A
22381,Toy Tidy Pink Polkadot,7274.31,A
23204,Charlotte Bag Apples Design,7257.73,A
21908,Chocolate This Way Metal Sign,7254.65,A
22750,Feltcraft Princess Lola Doll,7225.74,A
22627,Mint Kitchen Scales,7208.13,A
22367,Childrens Apron Spaceboy Design,7186.12,A
23238,Set Of 4 Knick Knack Tins London,7137.74,A
22950,36 Doilies Vintage Christmas,7131.55,A
22637,Piggy Bank Retrospot,7111.18,A
22413,Metal Sign Take It Or Leave It,7099.24,A
22741,Funky Diva Pen,7075.05,A
84949,Silver Hanging T-Light Holder,7059.89,A
22631,Circus Parade Lunch Box,7031.64,A
21669,Blue Stripe Ceramic Drawer Knob,7017.76,A
22333,Retrospot Party Bag + Sticker Set,7009.29,A
21258,Victorian Sewing Box Large,6998.27,A
20969,Red Floral Feltcraft Shoulder Bag,6971.24,A
23236,Storage Tin Vintage Doily,6961.65,A
22505,Memo Board Cottage Design,6941.37,A
22946,Wooden Advent Calendar Cream,6929.47,A
22767,Triple Photo Frame Cornice,6924.8,A
22485,Set Of 2 Wooden Market Crates,6902.05,A
22663,Jumbo Bag Dolly Girl Design,6889.2,A
22834,Hand Warmer Babushka Design,6881.93,A
21094,Set/6 Red Spotty Paper Plates,6881.32,A
85014A,Black/Blue Polkadot Umbrella,6873.73,A
21169,You'Re Confusing Me Metal Sign,6873.59,A
84030E,English Rose Hot Water Bottle,6865.37,A
22634,Childs Breakfast Set Spaceboy,6864.39,A
22839,3 Tier Cake Tin Green And Cream,6864.34,A
21922,Union Stripe With Fringe  Hammock,6854.72,A
22553,Plasters In Tin Skulls,6831.98,A
75049L,Large Circular Mirror Mobile,6802.98,A
23297,Set 40 Heart Shape Petit Four Cases,6792.23,A
21877,Home Sweet Home Mug,6790.97,A
22840,Round Cake Tin Vintage Red,6784.87,A
21259,Victorian Sewing Box Small,6758.49,A
23254,Childrens Cutlery Dolly Girl,6757.87,A
23080,Red Metal Box Top Secret,6737.75,A
22179,Set 10 Lights Night Owl,6728.38,A
21165,Beware Of The Cat Metal Sign,6700.68,A
23541,Wall Art Classic Puddings,6699.21,A
22170,Picture Frame Wood Triple Portrait,6686.72,A
22294,Heart Filigree Dove  Small,6665.36,A
23215,Jingle Bell Heart Antique Silver,6662.22,A
21672,White Spot Red Ceramic Drawer Knob,6645.06,A
23008,Dolly Girl Baby Gift Set,6642.55,A
21888,Bingo Set,6640.87,A
22668,Pink Baby Bunting,6633.94,A
23083,Set 6 Paper Table Lantern Stars,6629.0,A
84988,Set Of 72 Pink Heart Paper Doilies,6622.2,A
23283,Doormat Vintage Leaf,6601.33,A
23535,Wall Art Bicycle Safety,6585.05,A
84970L,Single Heart Zinc T-Light Holder,6553.24,A
22943,Christmas Lights 10 Vintage Baubles,6550.46,A
47591D,Pink Fairy Cake Childrens Apron,6547.67,A
23320,Giant 50'S Christmas Cracker,6532.23,A
23293,Set Of 12 Fairy Cake Baking Cases,6524.81,A
21533,Retro Spot Large Milk Jug,6508.17,A
23103,Jingle Bell Heart Decoration,6503.06,A
23169,Classic Glass Cookie Jar,6499.9,A
21326,Aged Glass Silver T-Light Holder,6498.07,A
22620,4 Traditional Spinning Tops,6482.39,A
21871,Save The Planet Mug,6454.85,A
22580,Advent Calendar Gingham Sack,6441.74,A
23134,Large Zinc Heart Wall Organiser,6431.11,A
84992,72 Sweetheart Fairy Cake Cases,6410.68,A
82001S,Vinyl Record Frame Silver,6410.36,A
22508,Doorstop Retrospot Heart,6409.83,A
21257,Victorian Sewing Box Medium,6379.47,A
23582,Vintage Doily Jumbo Bag Red,6354.13,A
21122,Set/10 Pink Polkadot Party Candles,6351.12,A
21787,Rain Poncho Retrospot,6328.53,A
23247,Biscuit Tin 50'S Christmas,6290.94,A
21380,Wooden Happy Birthday Garland,6289.81,A
22979,Pantry Washing Up Brush,6288.26,A
22635,Childs Breakfast Set Dolly Girl,6234.88,A
20676,Red Retrospot Bowl,6230.37,A
22895,Set Of 2 Tea Towels Apple And Pears,6216.0,A
22826,Love Seat Antique White Metal,6210.0,A
22109,Full English Breakfast Plate,6204.23,A
20718,Red Retrospot Shopper Bag,6202.72,A
22151,Place Setting White Heart,6191.59,A
23109,Pack Of Six Led Tea Lights,6188.46,A
22784,Lantern Cream Gazebo,6180.12,A
22303,Coffee Mug Apples Design,6140.19,A
23229,Vintage Donkey Tail Game,6136.23,A
21154,Red Retrospot Oven Glove,6077.61,A
22141,Christmas Craft Tree Top Angel,6068.43,A
23307,Set Of 60 Pantry Design Cake Cases,6063.04,A
47556B,Tea Time Tea Towels,6045.0,A
21975,Pack Of 60 Dinosaur Cake Cases,6036.51,A
21670,Blue Spot Ceramic Drawer Knob,6019.36,A
23172,Regency Tea Plate Pink,6004.55,A
22366,Doormat Airmail,6001.9,A
23571,Traditional Naughts & Crosses,5994.61,A
21673,White Spot Blue Ceramic Drawer Knob,5980.36,A
21912,Vintage Snakes & Ladders,5971.1,A
21935,Suki  Shoulder Bag,5962.67,A
22783,Set 3 Wicker Oval Baskets W Lids,5961.25,A
23188,Vintage  2 Meter Folding Ruler,5957.98,A
21535,Red Retrospot Small Milk Jug,5914.61,A
23296,Set Of 6 Tea Time Baking Cases,5910.02,A
17003,Brocade Ring Purse,5907.24,A
21671,Red Spot Ceramic Drawer Knob,5890.12,A
23382,Box Of 6 Christmas Cake Decorations,5889.38,A
21156,Retrospot Childrens Apron,5833.57,A
48129,Doormat Topiary,5832.5,A
22584,Pack Of 6 Pannetone Gift Boxes,5819.88,A
23052,Recycled Acapulco Mat Turquoise,5816.56,A
23113,Pantry Chopping Board,5806.43,A
22740,Polkadot Pen,5793.62,A
23311,Vintage Christmas Stocking,5784.17,A
23192,Bundle Of 3 Alphabet Exercise Books,5773.45,A
23480,Mini Lights Woodland Mushrooms,5744.98,A
22971,Queens Guard Coffee Mug,5737.93,A
22174,Photo Cube,5732.6,A
22779,Wooden Owls Light Garland,5709.1,A
22796,Photo Frame 3 Classic Hanging,5668.05,A
22088,Paper Bunting Coloured Lace,5661.05,A
22837,Hot Water Bottle Babushka,5657.93,A
22595,Gingham Heart Decoration,5633.08,A
22751,Feltcraft Princess Olivia Doll,5606.79,A
22365,Doormat Respectable House,5593.29,A
23485,Botanical Gardens Wall Clock,5585.72,A
23154,Set Of 4 Jam Jar Magnets,5543.95,A
22907,Pack Of 20 Napkins Pantry Design,5523.24,A
22488,Natural Slate Rectangle Chalkboard,5501.15,A
21558,Skull Lunch Box With Cutlery,5492.69,A
21242,Red Retrospot Plate,5483.13,A
22418,10 Colour Spaceboy Pen,5478.54,A
22904,Calendar Paper Cut Design,5467.26,A
22150,3 Stripey Mice Feltcraft,5463.37,A
62018,Sombrero,5447.35,A
23205,Charlotte Bag Vintage Alphabet,5438.29,A
23312,Vintage Christmas Gift Sack,5437.21,A
23118,Parisienne Jewellery Drawer,5430.68,A
22207,Frying Pan Union Flag,5426.48,A
22827,Rustic  Seventeen Drawer Sideboard,5415.0,A
22429,Enamel Measuring Jug Cream,5406.44,A
23133,Large Ivory Heart Wall Organiser,5396.89,A
22466,Fairy Tale Cottage Nightlight,5391.74,A
23135,Small Zinc Heart Wall Organiser,5350.67,A
22349,Dog Bowl Chasing Ball Design,5344.06,A
22297,Heart Ivory Trellis Small,5336.48,A
23126,Feltcraft Girl Amelie Kit,5267.85,A
22964,3 Piece Spaceboy Cookie Cutter Set,5242.25,A
22646,Ceramic Strawberry Cake Money Bank,5237.78,A
22845,Vintage Cream Cat Food Container,5229.45,A
22848,Bread Bin Diner Style Pink,5208.45,A
21172,Party Metal Sign,5202.77,A
22665,Recipe Box Blue Sketchbook Design,5192.08,A
22120,Welcome  Wooden Block Letters,5177.38,A
22689,Doormat Merry Christmas Red,5176.25,A
21844,Red Retrospot Mug,5161.79,A
22296,Heart Ivory Trellis Large,5158.66,A
23158,Set Of 5 Lucky Cat Magnets,5148.38,A
23157,Set Of 6 Nativity Magnets,5138.93,A
22998,Travel Card Wallet Keep Calm,5119.91,A
22623,Box Of Vintage Jigsaw Blocks,5104.84,A
37449,Ceramic Cake Stand + Hanging Cakes,5087.44,A
23526,Wall Art Dog Licence,5082.21,A
23132,Small Ivory Heart Wall Organiser,5073.43,A
22464,Hanging Metal Heart Lantern,5068.74,A
21428,Set3 Book Box Green Gingham Flower,5058.43,A
22772,Pink Drawer Knob Acrylic Edwardian,5036.05,A
22849,Bread Bin Diner Style Mint,5027.73,A
22957,Set 3 Paper Vintage Chick Paper Egg,5014.65,A
22271,Feltcraft Doll Rosie,5007.35,A
22781,Gumball Magazine Rack,4995.51,A
22780,Light Garland Butterfiles Pink,4967.84,A
22302,Coffee Mug Pears  Design,4961.45,A
21164,Home Sweet Home Metal Sign,4961.39,A
22798,Antique Glass Dressing Table Pot,4939.71,A
23162,Regency Tea Strainer,4929.8,A
23397,Foot Stool Home Sweet Home,4908.1,A
84212,"Assorted Flower Colour ""Leis""",4903.67,A
21932,Scandinavian Paisley Picnic Bag,4902.32,A
22898,Childrens Apron Apples Design,4895.09,A
21937,Strawberry   Picnic Bag,4887.05,A
23295,Set Of 12 Mini Loaf Baking Cases,4872.24,A
23553,Landmark Frame Camden Town,4871.23,A
21756,Bath Building Block Word,4870.66,A
21933,Pink Vintage Paisley Picnic Bag,4859.45,A
21907,I'M On Holiday Metal Sign,4857.36,A
22636,Childs Breakfast Set Circus Parade,4856.93,A
21033,Jumbo Bag Charlie And Lola Toys,4851.73,A
21086,Set/6 Red Spotty Paper Cups,4823.21,A
23263,Set Of 3 Wooden Heart Decorations,4822.78,A
21124,Set/10 Blue Spotty Party Candles,4819.3,A
22301,Coffee Mug Cat + Bird Design,4811.1,A
23583,Lunch Bag Paisley Park,4807.53,A
23165,Large Ceramic Top Storage Jar,4805.34,A
22748,Poppy'S Playhouse Kitchen,4792.77,A
21390,Filigris Heart With Butterfly,4790.67,A
23310,Bubblegum Ring Assorted,4787.02,A
21098,Christmas Toilet Roll,4786.85,A
22371,Airline Bag Vintage Tokyo 78,4786.25,A
23010,Circus Parade Baby Gift Set,4785.59,A
23556,Landmark Frame Covent Garden,4774.55,A
21108,Fairy Cake Flannel Assorted Colour,4757.06,A
23531,Wall Art Big Love,4756.58,A
84050,Pink Heart Shape Egg Frying Pan,4753.53,A
22243,5 Hook Hanger Red Magic Toadstool,4751.64,A
21539,Red Retrospot Butter Dish,4743.9,A
23286,Blue Vintage Spot Beaker,4718.57,A
23198,Pantry Magnetic  Shopping List,4717.52,A
23159,Set Of 5 Pancake Day Magnets,4713.52,A
23234,Biscuit Tin Vintage Christmas,4709.65,A
23554,Landmark Frame Oxford Street,4693.07,A
22142,Christmas Craft White Fairy,4683.75,A
20979,36 Pencils Tube Red Retrospot,4655.58,A
23314,Vintage Christmas Tablecloth,4650.66,A
23555,Landmark Frame Notting Hill,4643.11,A
15056P,Edwardian Parasol Pink,4641.89,A
47599A,Pink Party Bags,4624.3,A
23176,Abc Treasure Book Box,4611.68,A
21876,Pottering Mug,4601.4,A
23503,Playing Cards Keep Calm & Carry On,4586.88,A
22504,Cabin Bag Vintage Retrospot,4584.77,A
23558,Landmark Frame London Bridge,4578.91,A
82552,Washroom Metal Sign,4577.29,A
22606,Wooden Skittles Garden Set,4574.66,A
22745,Poppy'S Playhouse Bedroom,4573.8,A
20677,Pink Polkadot Bowl,4573.76,A
23285,Pink Vintage Spot Beaker,4560.15,A
22295,Heart Filigree Dove Large,4529.85,A
23389,Spaceboy Mini Backpack,4523.27,A
20974,12 Pencils Small Tube Skull,4519.63,A
22628,Picnic Boxes Set Of 3 Retrospot,4502.11,A
23184,Bull Dog Bottle Opener,4494.64,A
22645,Ceramic Heart Fairy Cake Money Bank,4494.14,A
22549,Picture Dominoes,4483.52,A
22938,Cupcake Lace Paper Set 6,4478.65,A
22417,Pack Of 60 Spaceboy Cake Cases,4478.49,A
22813,Pack 3 Boxes Bird Pannetone,4476.97,A
82551,Laundry 15C Metal Sign,4476.24,A
84987,Set Of 36 Teatime Paper Doilies,4462.47,A
23177,Treasure Island Book Box,4461.25,A
22082,Ribbon Reel Stripes Design,4459.02,A
22110,Bird House Hot Water Bottle,4445.22,A
22089,Paper Bunting Vintage Paisley,4439.73,A
21833,Camouflage Led Torch,4434.87,A
23288,Green Vintage Spot Beaker,4428.22,A
21906,Pharmacie First Aid Tin,4403.94,A
23168,Classic Cafe Sugar Dispenser,4371.97,A
23570,Traditional Pick Up Sticks Game,4361.37,A
23351,Roll Wrap 50'S Christmas,4354.72,A
23241,Treasure Tin Gymkhana Design,4350.59,A
22775,Purple Drawerknob Acrylic Edwardian,4344.9,A
85049A,Traditional Christmas Ribbons,4324.13,A
23163,Regency Sugar Tongs,4310.98,A
16014,Small Chinese Style Scissor,4306.36,A
21934,Skull Shoulder Bag,4290.87,A
23494,Vintage Doily Deluxe Sewing Kit,4276.64,A
23166,Medium Ceramic Top Storage Jar,4264.61,A
22721,Set Of 3 Cake Tins Sketchbook,4252.32,A
84692,Box Of 24 Cocktail Parasols,4220.64,A
22626,Black Kitchen Scales,4199.93,A
20975,12 Pencils Small Tube Red Retrospot,4188.27,A
23050,Recycled Acapulco Mat Green,4187.16,A
23112,Parisienne Curio Cabinet,4172.72,A
23167,Small Ceramic Top Storage Jar,4171.75,A
21498,Red Retrospot Wrap,4154.42,A
23275,Set Of 3 Hanging Owls Ollie Beak,4139.74,A
22661,Charlotte Bag Dolly Girl Design,4127.89,A
22694,Wicker Star,4119.7,A
23306,Set Of 36 Doilies Pantry Design,4116.09,A
23309,Set Of 60 I Love London Cake Cases,4111.7,A
22899,Children'S Apron Dolly Girl,4106.46,A
23237,Set Of 4 Knick Knack Tins Leaf,4091.79,A
22327,Round Snack Boxes Set Of 4 Skulls,4082.92,A
22550,Holiday Fun Ludo,4082.59,A
22723,Set Of 6 Herb Tins Sketchbook,4081.7,A
20970,Pink Floral Feltcraft Shoulder Bag,4070.92,A
84509A,Set Of 4 English Rose Placemats,4066.22,A
21116,Owl Doorstop,4035.21,A
23144,Zinc T-Light Holder Stars Small,4030.6,A
22841,Round Cake Tin Vintage Green,4030.55,A
22649,Strawberry Fairy Cake Teapot,4027.15,A
22801,Antique Glass Pedestal Bowl,4016.9,A
72760B,Vintage Cream 3 Basket Cake Stand,4016.04,A
23110,Parisienne Key Cabinet,4012.05,A
21892,Traditional Wooden Catch Cup Game,4011.06,A
23089,Glass Bon Bon Jar,4003.69,A
85049E,Scandinavian Reds Ribbons,4003.06,A
21874,Gin And Tonic Mug,3986.84,A
23009,I Love London Baby Gift Set,3971.56,A
22219,Lovebird Hanging Decoration White,3968.69,A
23194,Gymkhana Treasure Book Box,3968.49,A
22942,Christmas Lights 10 Santas,3965.4,A
23543,Wall Art Keep Calm,3965.16,A
22896,Peg Bag Apples Design,3964.86,A
21704,Bag 250G Swirly Marbles,3964.68,A
22431,Watering Can Blue Elephant,3961.18,A
23255,Childrens Cutlery Circus Parade,3956.12,A
72351B,Set/6 Pink  Butterfly T-Lights,3936.59,A
20675,Blue Polkadot Bowl,3925.9,A
23340,Vintage Christmas Cake Frill,3913.74,A
23129,Heart Shaped Holly Wreath,3908.24,A
22951,60 Cake Cases Dolly Girl Design,3903.85,A
22956,36 Foil Heart Cake Cases,3900.44,A
22148,Easter Craft 4 Chicks,3894.05,A
23349,Roll Wrap Vintage Christmas,3893.5,A
22489,Pack Of 12 Traditional Crayons,3891.28,A
20682,Red Retrospot Childrens Umbrella,3889.07,A
21041,Red Retrospot Oven Glove Double,3888.98,A
23012,Glass Apothecary Bottle Perfume,3887.31,A
22117,Metal Sign Her Dinner Is Served,3881.7,A
22980,Pantry Scrubbing Brush,3878.72,A
21749,Large Red Retrospot Windmill,3877.09,A
84792,Enchanted Bird Coathanger 5 Hook,3867.71,A
23049,Recycled Acapulco Mat Red,3863.84,A
22890,Novelty Biscuits Cake Stand 3 Tier,3860.15,A
23557,Landmark Frame Baker Street,3855.31,A
23032,Drawer Knob Crackle Glaze Ivory,3853.68,A
22131,Food Container Set 3 Love Heart,3850.21,A
23404,Home Sweet Home Blackboard,3848.76,A
23130,Mistletoe Heart Wreath Green,3839.59,A
37370,Retro Coffee Mugs Assorted,3839.01,A
21716,Boys Vintage Tin Seaside Bucket,3835.51,A
22222,Cake Plate Lovebird White,3830.46,A
23131,Mistletoe Heart Wreath Cream,3823.53,A
21110,Large Cake Towel Pink Spots,3815.7,A
22493,Paint Your Own Canvas Set,3811.81,A
22842,Biscuit Tin Vintage Red,3809.92,A
23253,16 Piece Cutlery Set Pantry Design,3783.67,A
21244,Blue Polkadot Plate,3782.74,A
22274,Feltcraft Doll Emily,3776.81,A
22350,Illustrated Cat Bowl,3773.67,A
21746,Small Red Retrospot Windmill,3766.93,A
21243,Pink  Polkadot Plate,3753.61,A
23299,Food Cover With Beads Set 2,3743.04,A
21527,Red Retrospot Traditional Teapot,3724.99,A
23064,Cinderella Chandelier,3717.56,A
21658,Glass  Beurre Dish,3709.78,A
22854,Cream Sweetheart Egg Holder,3708.52,A
23081,Green Metal Box Army Supplies,3707.37,A
22656,Vintage Blue Kitchen Cabinet,3685.0,A
22577,Wooden Heart Christmas Scandinavian,3678.72,A
21260,First Aid Tin,3676.6,A
22926,Ivory Giant Garden Thermometer,3656.85,A
21531,Red Retrospot Sugar Jam Bowl,3656.67,A
23091,Zinc Herb Garden Container,3656.32,A
22596,Christmas Star Wish List Chalkboard,3630.65,A
22236,Cake Stand 3 Tier Magic Garden,3624.6,A
22738,Ribbon Reel Snowy Village,3624.19,A
23182,Toilet Sign Occupied Or Vacant,3609.67,A
22053,Empire Design Rosette,3606.42,A
22812,Pack 3 Boxes Christmas Pannetone,3600.5,A
85132C,Charlie And Lola Figures Tins,3587.19,A
84968C,Set Of 16 Vintage Pistachio Cutlery,3585.99,A
23092,Large Antique White Photo Frame,3583.2,A
22061,Large Cake Stand  Hanging Strawbery,3569.06,A
22468,Babushka Lights String Of 10,3566.09,A
22378,Wall Tidy Retrospot,3565.04,A
21890,S/6 Wooden Skittles In Cotton Bag,3556.7,A
23127,Feltcraft Girl Nicole Kit,3555.16,A
20717,Strawberry Shopper Bag,3526.17,A
22348,Tea Bag Plate Red Retrospot,3524.41,A
22180,Retrospot Lamp,3521.54,A
23530,Wall Art Only One Person,3520.39,A
22195,Large Heart Measuring Spoons,3519.66,A
23294,Set Of 6 Snack Loaf Baking Cases,3511.92,A
21992,Vintage Paisley Stationery Set,3510.72,A
23569,Tradtional Alphabet Stamp Set,3509.44,A
22688,Doormat Peace On Earth Blue,3503.16,A
22212,Four Hook  White Lovebirds,3502.35,A
21715,Girls Vintage Tin Seaside Bucket,3492.15,A
22760,"Tray, Breakfast In Bed",3491.86,A
23191,Bundle Of 3 Retro Note Books,3480.47,A
21703,Bag 125G Swirly Marbles,3463.51,A
22908,Pack Of 20 Napkins Red Apples,3460.58,A
22809,Set Of 6 T-Lights Santa,3458.33,A
21974,Set Of 36 Paisley Flower Doilies,3451.02,A
84508A,Camouflage Design Teddy,3448.05,A
22669,Red Baby Bunting,3429.97,A
23065,Large Deco Jewellery Stand,3427.44,A
21238,Red Retrospot Cup,3422.48,A
22800,Antique Tall Swirlglass Trinket Pot,3422.31,A
21385,Ivory Hanging Decoration  Heart,3401.86,A
23210,White Rocking Horse Hand Painted,3368.42,A
79000,Moroccan Tea Glass,3357.34,A
22739,Ribbon Reel Christmas Sock Bauble,3346.91,A
85053,French Enamel Candleholder,3339.82,A
23013,Glass Apothecary Bottle Tonic,3339.1,A
82580,Bathroom Metal Sign,3335.57,A
23232,Wrap Vintage Leaf Design,3331.92,A
23189,Set Of 12 Fork Candles,3319.61,A
23156,Set Of 5 Mini Grocery Magnets,3317.21,A
21463,Mirrored Disco Ball,3314.2,A
47567B,Tea Time Kitchen Apron,3305.16,A
22855,Fine Wicker Heart,3301.73,A
22578,Wooden Star Christmas Scandinavian,3292.3,A
23111,Parisienne Sewing Box,3289.76,A
22435,Set Of 9 Heart Shaped Balloons,3285.75,A
21494,Rotating Leaves T-Light Holder,3282.46,A
23353,6 Gift Tags Vintage Christmas,3278.38,A
22244,3 Hook Hanger Magic Garden,3276.21,A
22782,Set 3 Wicker Storage Baskets,3275.2,A
21745,Gaolers Keys Decorative Garden,3272.71,A
23332,Ivory Wicker Heart Large,3272.15,A
23388,Woodland Mini Backpack,3270.28,A
22300,Coffee Mug Dog + Ball Design,3269.38,A
23193,Buffalo Bill Treasure Book Box,3261.29,A
23085,Antique Silver Bauble Lamp,3260.43,A
22967,Set 3 Song Bird Paper Eggs Assorted,3253.71,A
84968A,Set Of 16 Vintage Rose Cutlery,3251.88,A
23014,Glass Apothecary Bottle Elixir,3251.05,A
23536,Wall Art Village Show,3250.05,A
21868,Potting Shed Tea Mug,3243.3,A
21497,Fancy Fonts Birthday Wrap,3242.5,A
22029,Spaceboy Birthday Card,3241.09,A
22432,Watering Can Pink Bunny,3236.09,A
22962,Jam Jar With Pink Lid,3235.47,A
22430,Enamel Watering Can Cream,3231.44,A
23354,6 Gift Tags 50'S Christmas,3223.79,A
22687,Doormat Christmas Village,3221.18,A
23426,Metal Sign Drop Your Pants,3216.03,A
22065,Christmas Pudding Trinket Pot,3213.32,A
22567,20 Dolly Pegs Retrospot,3200.83,A
22079,Ribbon Reel Hearts Design,3198.33,A
72807C,Set/3 Vanilla Scented Candle In Box,3186.5,A
23053,Recycled Acapulco Mat Pink,3179.81,A
21429,Red Gingham Rose Jewellery Box,3178.54,A
23230,Wrap Alphabet Design,3175.92,A
23051,Recycled Acapulco Mat Blue,3173.73,A
22746,Poppy'S Playhouse Livingroom,3171.37,A
22460,Embossed Glass Tealight Holder,3166.76,A
23239,Set Of 4 Knick Knack Tins Poppies,3161.95,A
22491,Pack Of 12 Coloured Pencils,3156.5,A
22778,Glass Cloche Small,3146.82,A
23350,Roll Wrap Vintage Spot,3139.55,A
21135,Victorian  Metal Postcard Spring,3135.02,A
22653,Button Box,3109.06,A
23342,Mint Diner Wall Clock,3108.41,A
21993,Floral Folk Stationery Set,3104.89,A
84032A,Charlie+Lola Pink Hot Water Bottle,3101.48,A
21381,Mini Wooden Happy Birthday Garland,3101.46,A
22360,Glass Jar English Confectionery,3099.85,A
20754,Retrospot Red Washing Up Gloves,3088.86,A
21240,Blue Polkadot Cup,3078.95,A
21561,Dinosaur Lunch Box With Cutlery,3072.26,A
23308,Set Of 60 Vintage Leaf Cake Cases,3070.11,A
23393,Home Sweet Home Cushion Cover,3048.04,A
23346,Spaceboy Beaker,3026.45,A
22892,Set Of Salt And Pepper Toadstools,3021.6,A
23035,Drawer Knob Ceramic Ivory,3018.91,A
22187,Green Christmas Tree Card Holder,3010.64,A
22810,Set Of 6 T-Lights Snowmen,3010.28,A
22894,Tablecloth Red Apples Design,3007.48,A
23395,Belle Jardiniere Cushion Cover,3005.3,A
20973,12 Pencil Small Tube Woodland,3002.87,A
22972,Children'S Spaceboy Mug,2993.41,A
22564,Alphabet Stencil Craft,2978.72,A
22311,Office Mug Warmer Black+Silver,2966.53,A
20828,Glitter Butterfly Clips,2966.25,A
22945,Christmas Metal Tags Assorted,2956.12,A
21714,Citronella Candle Garden Pot,2954.11,A
22563,Happy Stencil Craft,2953.21,A
22777,Glass Cloche Large,2951.53,A
85184C,S/4 Valentine Decoupage Heart Box,2947.49,A
21588,Retrospot Giant Tube Matches,2947.35,A
22331,Woodland Party Bag + Sticker Set,2937.23,A
23231,Wrap Doiley Design,2924.34,A
21201,Tropical  Honeycomb Paper Garland,2922.5,A
22604,Set Of 4 Napkin Charms Cutlery,2921.77,A
16161P,Wrap English Rose,2917.42,A
21918,Set 12 Kids Colour  Chalk Sticks,2904.25,A
23056,Flowers Chandelier T-Light Holder,2898.12,A
22843,Biscuit Tin Vintage Green,2891.23,A
35004B,Set Of 3 Black Flying Ducks,2880.31,A
21112,"Swiss Roll Towel, Pink  Spots",2879.34,A
21625,Vintage Union Jack Apron,2869.32,A
22774,Red Drawer Knob Acrylic Edwardian,2856.75,A
23329,Decorative Wicker Heart Large,2855.05,A
22354,Retrospot Padded Seat Cushion,2853.52,A
22078,Ribbon Reel Lace Design,2839.21,A
22965,3 Traditional Biscuit Cutters  Set,2837.6,A
21313,Glass Heart T-Light Holder,2834.83,A
23542,Wall Art 70'S Alphabet,2828.32,A
23427,Stool Home Sweet Home,2823.08,A
23323,White Wicker Star,2822.61,A
85174,S/4 Cacti Candles,2815.12,A
21976,Pack Of 60 Mushroom Cake Cases,2812.72,A
47559B,Tea Time Oven Glove,2810.54,A
21115,Rose Caravan Doorstop,2803.47,A
22426,Enamel Wash Bowl Cream,2803.3,A
22797,Chest Of Drawers Gingham Heart,2801.12,A
47599B,Blue Party Bags,2797.12,A
22930,Baking Mould Heart Milk Chocolate,2793.95,A
23345,Dolly Girl Beaker,2781.49,A
21499,Blue Polkadot Wrap,2767.34,A
22925,Blue Giant Garden Thermometer,2757.47,A
85178,Victorian Sewing Kit,2746.97,A
22823,Chest Natural Wood 20 Drawers,2745.0,A
22465,Hanging Metal Star Lantern,2741.05,A
23211,Red Rocking Horse Hand Painted,2735.32,A
23242,Treasure Tin Buffalo Bill,2734.86,A
22963,Jam Jar With Green Lid,2734.77,A
22644,Ceramic Cherry Cake Money Bank,2733.04,A
22906,12 Message Cards With Envelopes,2732.18,A
22794,Sweetheart Wire Magazine Rack,2721.3,A
23504,Playing Cards Jubilee Union Jack,2709.09,A
23196,Vintage Leaf Magnetic Notepad,2705.28,A
23190,Bundle Of 3 School Exercise Books,2697.55,A
72802C,Vanilla Scent Candle Jewelled Box,2696.48,A
22762,Cupboard 3 Drawer Ma Campagne,2696.33,A
22927,Green Giant Garden Thermometer,2693.08,A
22380,Toy Tidy Spaceboy,2689.31,A
21985,Pack Of 12 Hearts Design Tissues,2689.28,A
23147,Single Antique Rose Hook Ivory,2688.4,A
23290,Spaceboy Childrens Bowl,2683.14,A
21811,Hanging Heart With Bell,2682.4,A
23390,Dolly Girl Mini Backpack,2680.42,A
22773,Green Drawer Knob Acrylic Edwardian,2679.64,A
20829,Glitter Hanging Butterfly String,2676.89,A
22702,Black And White Cat Bowl,2676.39,A
21239,Pink  Polkadot Cup,2670.29,A
23164,Regency Cake Slice,2668.97,A
22974,Childrens Dolly Girl Mug,2668.68,A
21990,Modern Floral Stationery Set,2666.55,A
22283,6 Egg House Painted Wood,2662.94,A
21781,Ma Campagne Cutlery Box,2661.8,B
22224,White Lovebird Lantern,2658.41,B
22433,Watering Can Green Dinosaur,2651.67,B
22329,Round Container Set Of 5 Retrospot,2628.97,B
22582,Pack Of 6 Sweetie Gift Boxes,2623.99,B
21810,Christmas Hanging Star With Bell,2623.37,B
22130,Party Cone Christmas Decoration,2618.73,B
22592,Cardholder Holly Wreath Metal,2617.72,B
84568,Girls Alphabet Iron On Patches,2617.01,B
23212,Heart Wreath Decoration With Bell,2610.56,B
22045,Spaceboy Gift Wrap,2610.34,B
22830,Utilty Cabinet With Hooks,2610.29,B
22241,Garland Wooden Happy Easter,2609.43,B
23396,Le Jardin Botanique Cushion Cover,2604.83,B
22833,Hall Cabinet With 3 Drawers,2603.53,B
22700,Black And White Dog Bowl,2602.18,B
23100,Silver Bells Table Decoration,2593.33,B
22660,Doormat I Love London,2591.66,B
22902,Tote Bag I Love London,2591.49,B
22691,Doormat Welcome Sunrise,2580.48,B
21735,Two Door Curio Cabinet,2577.45,B
22933,Baking Mould Easter Egg Milk Choc,2577.18,B
22990,Cotton Apron Pantry Design,2572.2,B
22737,Ribbon Reel Christmas Present,2565.54,B
23333,Ivory Wicker Heart Medium,2562.95,B
35961,Folkart Zinc Heart Christmas Dec,2561.45,B
22196,Small Heart Measuring Spoons,2559.68,B
22822,Cream Wall Planter Heart Shaped,2558.39,B
23054,Recycled Acapulco Mat Lavender,2555.17,B
23146,Triple Hook Antique Ivory Rose,2549.58,B
21500,Pink Polkadot Wrap,2540.5,B
84832,Zinc Willie Winkie  Candle Stick,2540.19,B
21078,Set/20 Strawberry Paper Napkins,2531.04,B
23292,Spaceboy Childrens Cup,2526.84,B
22805,Blue Drawer Knob Acrylic Edwardian,2526.14,B
23266,Set Of 3 Wooden Stocking Decoration,2524.9,B
22610,Pens Assorted Funny Face,2523.52,B
22937,Baking Mould Chocolate Cupcakes,2522.72,B
72351A,Set/6 Turquoise Butterfly T-Lights,2519.02,B
22361,Glass Jar Daisy Fresh Cotton Wool,2516.84,B
21556,Ceramic Strawberry Money Box,2515.52,B
22072,Red Retrospot Tea Cup And Saucer,2514.92,B
23341,Pink Diner Wall Clock,2505.42,B
84596B,Small Dolly Mix Design Orange Bowl,2495.09,B
21452,Toadstool Money Box,2461.88,B
22165,"Diamante Heart Shaped Wall Mirror,",2458.19,B
22278,Overnight Bag Vintage Rose Paisley,2457.96,B
23407,Set Of 2 Trays Home Sweet Home,2443.91,B
21730,Glass Star Frosted T-Light Holder,2435.11,B
22358,Kings Choice Tea Caddy,2434.87,B
22672,French Bathroom Sign Blue Metal,2427.11,B
23264,Set Of 3 Wooden Sleigh Decorations,2423.3,B
22175,Pink Owl Soft Toy,2416.11,B
84796B,Blue Savannah Picnic Hamper For 2,2393.59,B
23400,Shelf With 4 Hooks Home Sweet Home,2390.59,B
85062,Pearl Crystal Pumpkin T-Light Hldr,2380.06,B
23028,Drawer Knob Crackle Glaze Blue,2377.13,B
84969,Box Of 6 Assorted Colour Teaspoons,2368.48,B
21903,Man Flu Metal Sign,2365.91,B
22374,Airline Bag Vintage Jet Set Red,2364.73,B
23316,Red Refectory Clock,2362.22,B
22440,Balloon Water Bomb Pack Of 35,2358.24,B
22670,French Wc Sign Blue Metal,2357.15,B
22437,Set Of 9 Black Skull Balloons,2356.11,B
21328,Balloons  Writing Set,2356.09,B
23412,Heart Mirror Antique White,2354.8,B
22851,Set 20 Napkins Fairy Cakes Design,2350.08,B
22548,Heads And Tails Sporting Fun,2348.94,B
22064,Pink Doughnut Trinket Pot,2346.19,B
11001,Asstd Design Racing Car Pen,2344.26,B
22792,Fluted Antique Candle Holder,2342.49,B
21012,Antique All Glass Candlestick,2338.73,B
23048,Set Of 10 Lanterns Fairy Light Star,2331.04,B
20977,36 Pencils Tube Woodland,2328.64,B
22167,Oval Wall Mirror Diamante,2328.11,B
22282,12 Egg House Painted Wood,2328.06,B
21700,Big Doughnut Fridge Magnets,2323.04,B
23406,Home Sweet Home Key Holder,2322.74,B
21875,Kings Choice Mug,2322.53,B
23424,Gingham Recipe Book Box,2319.35,B
20983,12 Pencils Tall Tube Red Retrospot,2317.57,B
21563,Red Heart Shape Love Bucket,2316.7,B
22070,Small Red Retrospot Mug In Box,2305.85,B
22425,Enamel Colander Cream,2296.38,B
22829,Sweetheart Wire Wall Tidy,2295.43,B
21495,Skulls And Crossbones Wrap,2293.0,B
21411,Gingham Heart  Doorstop Red,2292.46,B
16156S,Wrap Pink Fairy Cakes,2289.0,B
20978,36 Pencils Tube Skulls,2288.25,B
23436,Vintage Christmas Gift Bag Large,2287.83,B
23437,50'S Christmas Gift Bag Large,2283.99,B
85175,Cacti T-Light Candles,2278.9,B
23367,Set 12 Colour Pencils Spaceboy,2271.45,B
21896,Potting Shed Twine,2268.59,B
21109,"Large Cake Towel, Chocolate Spots",2266.67,B
23360,Set 8 Candles Vintage Doily,2262.77,B
37500,Tea Time Teapot In Gift Box,2256.37,B
21069,Vintage Billboard Tea Mug,2250.52,B
23252,Vintage Red Enamel Trim Jug,2239.11,B
84950,Assorted Colour T-Light Holder,2233.67,B
23352,Roll Wrap 50'S Red Christmas,2222.17,B
22807,Set Of 6 T-Lights Toadstools,2217.97,B
23489,Vintage Bells Garland,2216.83,B
21794,Classic French Style Basket Natural,2213.42,B
23330,Decorative Wicker Heart Medium,2213.38,B
23029,Drawer Knob Crackle Glaze Green,2211.52,B
22983,Card Billboard Font,2211.26,B
22914,Blue Coat Rack Paris Fashion,2209.93,B
21989,Pack Of 20 Skull Paper Napkins,2205.54,B
46000S,Polyester Filler Pad 40X40Cm,2205.45,B
23265,Set Of 3 Wooden Tree Decorations,2203.25,B
22030,Swallows Greeting Card,2193.66,B
22215,Cake Stand White Two Tier Lace,2189.26,B
23371,Set 36 Colour Pencils Spaceboy,2184.01,B
22743,Make Your Own Flowerpower Card Kit,2182.51,B
22939,Apron Apple Delight,2180.17,B
21471,Strawberry Raffia Food Cover,2177.82,B
21042,Red Spotty Apron,2169.21,B
85049G,Chocolate Box Ribbons,2167.38,B
21878,Pack Of 6 Sandcastle Flags Assorted,2163.2,B
23079,Toadstool Bedside Light,2162.8,B
22441,Grow Your Own Basil In Enamel Mug,2160.89,B
21982,Pack Of 12 Suki Tissues,2156.91,B
23497,Classic Chrome Bicycle Bell,2155.41,B
23093,Small Parisienne Heart Photo Frame,2154.76,B
22736,Ribbon Reel Making Snowmen,2151.76,B
22377,Bottle Bag Retrospot,2150.81,B
22478,Birdhouse Garden Marker,2145.86,B
23020,Glass  Songbird Storage Jar,2141.84,B
37448,Ceramic Cake Design Spotted Mug,2138.9,B
22075,6 Ribbons Elegant Christmas,2138.9,B
23128,Feltcraft Boy Jean-Paul Kit,2138.08,B
23066,Small Deco Jewellery Stand,2137.81,B
40016,Chinese Dragon Paper Lanterns,2136.34,B
22128,Party Cones Candy Assorted,2127.53,B
22573,Star Wooden Christmas Decoration,2126.02,B
21249,Woodland  Height Chart Stickers,2124.93,B
22483,Red Gingham Teddy Bear,2124.82,B
21900,"Key Fob , Shed",2123.62,B
23161,Regency Cake Fork,2110.86,B
10135,Colouring Pencils Brown Tube,2107.75,B
23438,Red Spot Gift Bag Large,2106.25,B
37450,Ceramic Cake Bowl + Hanging Cakes,2102.9,B
22498,Wooden Regatta Bunting,2095.85,B
22121,Noel Wooden Block Letters,2095.06,B
23233,Wrap Poppies  Design,2095.0,B
22601,Christmas Retrospot Angel Wood,2092.95,B
23046,Paper Lantern 9 Point Deluxe Star,2091.54,B
21609,Set 12 Lavender  Botanical T-Lights,2086.69,B
82581,Toilet Metal Sign,2086.14,B
84356,Pompom Curtain,2085.15,B
21980,Pack Of 12 Red Retrospot Tissues,2084.32,B
21718,Red Metal Beach Spade,2083.55,B
22732,3D Vintage Christmas Stickers,2080.08,B
22704,Wrap Red Apples,2074.26,B
22811,Set Of 6 T-Lights Cacti,2070.65,B
23152,Ivory Sweetheart Wire Letter Rack,2069.4,B
23031,Drawer Knob Crackle Glaze Pink,2066.52,B
22588,Card Holder Gingham Heart,2066.11,B
23197,Sketchbook Magnetic Shopping List,2056.29,B
84032B,Charlie + Lola Red Hot Water Bottle,2051.95,B
47504K,English Rose Garden Secateurs,2048.66,B
23005,Travel Card Wallet I Love London,2046.13,B
22863,Soap Dish Brocante,2044.18,B
22935,Baking Mould Rose Milk Chocolate,2040.56,B
20751,Funky Washing Up Gloves Assorted,2039.42,B
22803,Ivory Embroidered Quilt,2038.09,B
22357,Kings Choice Biscuit Tin,2037.61,B
22831,White Brocante Soap Dish,2035.5,B
22733,3D Traditional Christmas Stickers,2035.08,B
21813,Garland With Stars And Bells,2032.06,B
23403,Letter Holder Home Sweet Home,2031.97,B
23681,Lunch Bag Red Vintage Doily,2031.87,B
22156,Heart Decoration With Pearls,2029.04,B
23445,Ice Cream Bubbles,2028.44,B
22747,Poppy'S Playhouse Bathroom,2027.09,B
22788,Brocante Coat Rack,2025.96,B
22973,Children'S Circus Parade Mug,2021.9,B
23268,Set Of 2 Ceramic Christmas Reindeer,2018.14,B
22763,Key Cabinet Ma Campagne,2016.94,B
23291,Dolly Girl Childrens Cup,2016.77,B
22101,Mirror Mosaic Votive Holder,2015.97,B
23227,Filigree Heart Butterfly White,2015.22,B
22996,Travel Card Wallet Vintage Ticket,2015.06,B
22891,Tea For One Polkadot,2012.32,B
22503,Cabin Bag Vintage Paisley,2010.12,B
22859,Easter Tin Bunny Bouquet,2003.07,B
23251,Vintage Red Enamel Trim Mug,2000.91,B
22571,Rocking Horse Red Christmas,2000.51,B
22185,Slate Tile Natural Hanging,1999.73,B
23370,Set 36 Colouring Pencils Doily,1995.99,B
72802B,Ocean Scent Candle In Jewelled Box,1993.48,B
22955,36 Foil Star Cake Cases,1992.59,B
23213,Star Wreath Decoration With Bell,1991.64,B
22897,Oven Mitt Apples Design,1990.18,B
22579,Wooden Tree Christmas Scandinavian,1988.02,B
23326,Hanging Mini Coloured Bottles,1986.8,B
23315,Ivory Refectory Clock,1984.61,B
23529,Wall Art Dolly Girl,1982.03,B
84880,White Wire Egg Holder,1981.95,B
23289,Dolly Girl Childrens Bowl,1977.65,B
22055,Mini Cake Stand  Hanging Strawbery,1967.81,B
21622,Vintage Union Jack Cushion Cover,1962.84,B
20674,Green Polkadot Bowl,1962.68,B
22932,Baking Mould Toffee Cup Chocolate,1960.08,B
22115,Metal Sign Empire Tea,1953.24,B
22414,Doormat Neighbourhood Witch,1953.17,B
22477,Watering Can Garden Marker,1950.68,B
22364,Glass Jar Digestive Biscuits,1946.15,B
72349B,Set/6 Purple Butterfly T-Lights,1945.14,B
21506,"Fancy Font Birthday Card,",1943.28,B
23486,Antique Heart Shelf Unit,1943.19,B
22824,3 Tier Sweetheart Garden Shelf,1938.25,B
22412,Metal Sign Neighbourhood Witch,1931.85,B
84968F,Set Of 16 Vintage Sky Blue Cutlery,1931.17,B
21592,Retrospot Cigar Box Matches,1930.28,B
37446,Mini Cake Stand With Hanging Cakes,1929.69,B
22931,Baking Mould Heart White Chocolate,1925.05,B
23094,Le Grand Tray Chic Set,1924.92,B
23068,Aluminium Stamped Heart,1924.6,B
51014A,"Feather Pen,Hot Pink",1923.91,B
21192,White Bell Honeycomb Paper,1923.29,B
21591,Cosy Hour Cigar Box Matches,1919.89,B
22959,Wrap Christmas Village,1919.5,B
21916,Set 12 Retro White Chalk Sticks,1919.48,B
21864,Union Jack Flag Passport Cover,1917.1,B
85038,6 Chocolate Love Heart T-Lights,1916.01,B
22183,Cake Stand Victorian Filigree Med,1916.01,B
72807A,Set/3 Rose Candle In Jewelled Box,1911.89,B
84596F,Small Marshmallows Pink Bowl,1910.63,B
22602,Christmas Retrospot Heart Wood,1908.55,B
22291,"Spring Dec , Hanging Chick Cream",1906.02,B
22593,Christmas Gingham Star,1905.75,B
15039,Sandalwood Fan,1903.59,B
22080,Ribbon Reel Spots Design,1902.85,B
23155,Knickerbockerglory Magnet Assorted,1899.79,B
23145,Zinc T-Light Holder Star Large,1895.52,B
23228,Filigree Heart Bird White,1894.31,B
23274,Star T-Light Holder Willie Winkie,1892.92,B
35004C,Set Of 3 Coloured  Flying Ducks,1888.1,B
23075,Parlour Ceramic Wall Hook,1885.6,B
15058B,Pink Polkadot Garden Parasol,1885.27,B
22059,Ceramic Strawberry Design Mug,1882.08,B
21107,Cream Slice Flannel Pink Spot,1874.92,B
22744,Make Your Own Monsoon Card Kit,1872.82,B
22198,Large Popcorn Holder,1870.91,B
21068,Vintage Billboard Love/Hate Mug,1870.49,B
22186,Red Star Card Holder,1866.34,B
22639,Set Of 4 Napkin Charms Hearts,1864.41,B
20992,Jazz Hearts Purse Notebook,1863.05,B
22574,Heart Wooden Christmas Decoration,1862.16,B
22858,Easter Tin Keepsake,1860.78,B
23490,T-Light Holder Hanging Love Bird,1860.35,B
72807B,Set/3 Ocean Scent Candle Jewel Box,1855.37,B
22928,Yellow Giant Garden Thermometer,1851.86,B
21870,I Can Only Please One Person Mug,1851.46,B
21988,Pack Of 6 Skull Paper Plates,1849.22,B
22312,Office Mug Warmer Polkadot,1846.16,B
21534,Dairy Maid Large Milk Jug,1834.63,B
15060B,Fairy Cake Design Umbrella,1832.42,B
22027,Tea Party Birthday Card,1830.07,B
22534,Magic Drawing Slate Spaceboy,1824.5,B
23235,Storage Tin Vintage Leaf,1821.14,B
20963,Apple Bath Sponge,1817.9,B
85061W,White Jewelled Heart Decoration,1815.92,B
23359,Set Of 12 T-Lights Vintage Doily,1815.76,B
23302,Kneeling Mat Housework  Design,1814.41,B
15044D,Red Paper Parasol,1813.86,B
22428,Enamel Fire Bucket Cream,1812.6,B
21873,If You Can'T Stand The Heat Mug,1811.14,B
21713,Citronella Candle Flowerpot,1807.31,B
21557,Set Of 6 Funky Beakers,1799.96,B
22223,Cake Plate Lovebird Pink,1796.8,B
20982,12 Pencils Tall Tube Skulls,1786.1,B
22651,Gentleman Shirt Repair Kit,1783.34,B
22832,Brocante Shelf With Hooks,1781.82,B
22107,Pizza Plate In Box,1781.6,B
22536,Magic Drawing Slate Purdey,1780.43,B
84031A,Charlie+Lola Red Hot Water Bottle,1778.18,B
23525,Wall Art Buffalo Bill,1777.61,B
22199,Frying Pan Red Retrospot,1775.14,B
70006,Love Heart Pocket Warmer,1774.93,B
23160,Regency Tea Spoon,1774.8,B
22594,Christmas Gingham Tree,1772.63,B
47570B,Tea Time Table Cloth,1769.25,B
85035C,Rose 3 Wick Morris Box Candle,1769.13,B
23057,Beaded Chandelier T-Light Holder,1768.67,B
21114,Lavender Scented Fabric Heart,1765.58,B
23434,3 Raffia Ribbons 50'S Christmas,1759.79,B
21832,Chocolate Calculator,1758.81,B
22452,Measuring Tape Babushka Pink,1754.41,B
23378,Pack Of 12 50'S Christmas Tissues,1749.32,B
23148,Miniature Antique Rose Hook Ivory,1749.08,B
22200,Frying Pan Pink Polkadot,1747.44,B
21055,Tool Box Soft Toy,1746.74,B
22710,Wrap I Love London,1742.92,B
23394,Poste France Cushion Cover,1742.12,B
21439,Basket Of Toadstools,1740.94,B
16169E,Wrap 50'S  Christmas,1734.54,B
23358,Hot Stuff Hot Water Bottle,1725.35,B
23374,Red Spot Paper Gift Bag,1724.54,B
21586,Kings Choice Giant Tube Matches,1721.85,B
23357,Hot Water Bottle Sex Bomb,1721.76,B
21845,Dairy Maid Stripe Mug,1720.3,B
22712,Card Dolly Girl,1716.75,B
22944,Christmas Metal Postcard With Bells,1713.02,B
21034,Rex Cash+Carry Jumbo Shopper,1708.1,B
23122,Party Charms 50 Pieces,1707.84,B
22934,Baking Mould Easter Egg White Choc,1707.47,B
23096,Petit Tray Chic,1707.05,B
23101,Silver Stars Table Decoration,1703.26,B
85015,Set Of 12  Vintage Postcard Set,1700.34,B
21899,"Key Fob , Garage Design",1699.09,B
20981,12 Pencils Tall Tube Woodland,1697.22,B
21812,Garland With Hearts And Bells,1693.51,B
51008,Afghan Slipper Sock Pair,1690.55,B
23317,Blue Refectory Clock,1687.85,B
22509,Sewing Box Retrospot Design,1686.09,B
84968D,Set Of 16 Vintage Red Cutlery,1685.89,B
84510A,Set Of 4 English Rose Coasters,1680.92,B
23399,Home Sweet Home Hanging Heart,1679.48,B
21917,Set 12 Kids  White Chalk Sticks,1675.06,B
23372,Set 36 Colour Pencils Dolly Girl,1673.31,B
21584,Retrospot Small Tube Matches,1670.75,B
22986,Gingham Rose Wrap,1670.1,B
15058A,Blue Polkadot Garden Parasol,1668.49,B
16161U,Wrap Suki And Friends,1666.5,B
85040A,S/4 Pink Flower Candles In Bowl,1666.46,B
22332,Skulls Party Bag + Sticker Set,1664.8,B
22852,Dog Bowl Vintage Cream,1664.8,B
23501,Key Ring Baseball Boot Union Jack,1662.6,B
21207,Skull And Crossbones  Garland,1661.79,B
22674,French Toilet Sign Blue Metal,1661.71,B
23500,Key Ring Baseball Boot Assorted,1659.49,B
23491,Vintage Jingle Bells Heart,1658.51,B
22227,Hanging Heart Mirror Decoration,1658.42,B
84795B,Sunset Check Hammock,1657.42,B
23073,Georgian Trinket Box,1656.5,B
85132A,Charlie + Lola Biscuits Tins,1653.97,B
21578,Woodland Design  Cotton Tote Bag,1652.8,B
21329,Dinosaurs  Writing Set,1651.21,B
37340,Multicolour Spring Flower Mug,1650.56,B
84968E,Set Of 16 Vintage Black Cutlery,1647.32,B
22562,Monsters Stencil Craft,1643.49,B
85034C,3 Rose Morris Boxed Candles,1641.59,B
23181,Bull Dog Bottle Top Wall Clock,1640.31,B
21056,Doctor'S Bag Soft Toy,1640.04,B
23244,Round Storage Tin Vintage Leaf,1639.69,B
23401,Rustic Mirror With Lace Heart,1638.84,B
22913,Red Coat Rack Paris Fashion,1636.72,B
22479,Daisy Garden Marker,1635.14,B
23348,Childrens Toy Cooking Utensil Set,1633.81,B
22526,Wheelbarrow For Children,1632.63,B
21577,Save The Planet Cotton Tote Bag,1626.6,B
20961,Strawberry Bath Sponge,1623.25,B
22789,T-Light Holder Sweetheart Hanging,1621.69,B
21245,Green Polkadot Plate,1617.67,B
22161,Heart Decoration Rustic Hanging,1613.88,B
21981,Pack Of 12 Woodland Tissues,1612.5,B
21206,Strawberry Honeycomb  Garland,1610.92,B
23270,Set Of 2 Ceramic Painted Hearts,1610.03,B
23214,Jingle Bell Heart Antique Gold,1609.82,B
22335,Heart Decoration Painted Zinc,1607.49,B
37495,Fairy Cake Birthday Candle Set,1607.24,B
22476,Empire Union Jack Tv Dinner Tray,1605.77,B
22292,Hanging Chick  Yellow Decoration,1604.51,B
21394,Red Polkadot Beaker,1603.77,B
22220,Cake Stand Lovebird 2 Tier White,1598.5,B
22544,Mini Jigsaw Spaceboy,1589.57,B
22975,Spaceboy Childrens Egg Cup,1588.74,B
22816,Card Motorbike Santa,1585.92,B
21544,Skulls  Water Transfer Tattoos,1585.25,B
21626,Vintage Union Jack Pennant,1584.8,B
22853,Cat Bowl Vintage Cream,1584.07,B
22449,Silk Purse Babushka Pink,1583.95,B
18097C,White Tall Porcelain T-Light Holder,1581.09,B
23368,Set 12 Colour Pencils Dolly Girl,1579.65,B
22671,French Laundry Sign Blue Metal,1579.05,B
23287,Red Vintage Spot Beaker,1578.38,B
22305,Coffee Mug Pink Paisley Design,1573.98,B
22284,Hen House Decoration,1573.98,B
22037,Robot Birthday Card,1572.21,B
22445,Pencil Case Life Is Beautiful,1572.21,B
85206A,Cream Felt Easter Egg Basket,1568.93,B
21706,Folding Umbrella Red/White Polkadot,1567.25,B
23462,Rococo Wall Mirror White,1567.14,B
22314,Office Mug Warmer Choc+Blue,1565.89,B
21967,Pack Of 12 Skull Tissues,1562.1,B
22419,Lipstick Pen Red,1561.38,B
23090,Vintage Glass T-Light Holder,1559.09,B
21744,Snowflake Portable Table Light,1557.65,B
23226,Filigree Heart Daisy White,1554.17,B
22583,Pack Of 6 Handbag Gift Boxes,1552.97,B
22375,Airline Bag Vintage Jet Set Brown,1551.3,B
23505,Playing Cards I Love London,1545.12,B
21528,Dairy Maid Traditional Teapot,1544.28,B
46000M,Polyester Filler Pad 45X45Cm,1542.25,B
22473,Tv Dinner Tray Vintage Paisley,1541.14,B
21898,Potting Shed Rose Candle,1541.11,B
21913,Vintage Seaside Jigsaw Puzzles,1539.62,B
10133,Colouring Pencils Brown Tube,1539.6,B
22494,Emergency First Aid Tin,1539.0,B
23273,Heart T-Light Holder Willie Winkie,1538.6,B
22176,Blue Owl Soft Toy,1536.88,B
22799,Sweetheart Wire Fruit Bowl,1534.58,B
84279P,Cherry Blossom  Decorative Flask,1534.13,B
21509,Cowboys And Indians Birthday Card,1531.19,B
22828,Regency Mirror With Shutters,1530.0,B
22318,Five Heart Hanging Decoration,1529.93,B
22398,Magnets Pack Of 4 Swallows,1525.94,B
22154,Angel Decoration 3 Buttons,1524.73,B
22676,French Blue Metal Door Sign 1,1522.21,B
22434,Balloon Pump With 10 Balloons,1521.43,B
22313,Office Mug Warmer Pink,1520.29,B
22085,Paper Chain Kit Skulls,1516.8,B
22208,Wood Stamp Set Thank You,1515.17,B
20665,Red Retrospot Purse,1511.53,B
21200,Multicolour Honeycomb Paper Garland,1511.4,B
21352,Eucalyptus & Pinecone  Wreath,1511.26,B
22948,Metal Decoration Naughty Children,1510.06,B
21361,Love Large Wood Letters,1505.96,B
23391,I Love London Mini Backpack,1499.57,B
23366,Set 12 Colouring Pencils Doily,1498.5,B
21792,Classic French Style Basket Green,1497.72,B
84971S,Small Heart Flowers Hook,1497.24,B
85034B,3 White Choc Morris Boxed Candles,1494.04,B
20985,Heart Calculator,1492.16,B
85049C,Romantic Pinks Ribbons,1491.98,B
37342,Polkadot Coffee Cup & Saucer Pink,1489.01,B
84828,Jungle Popsicles Ice Lolly Holders,1487.89,B
22770,Mirror Cornice,1485.78,B
22530,Magic Drawing Slate Dolly Girl,1484.54,B
22982,Pantry Pastry Brush,1483.12,B
22076,6 Ribbons Empire,1482.41,B
35924,Hanging Fairy Cake Decoration,1480.17,B
22985,"Wrap, Billboard Fonts Design",1479.44,B
21447,12 Ivory Rose Peg Place Settings,1478.1,B
22731,3D Christmas Stamps Stickers,1471.71,B
22675,French Kitchen Sign Blue Metal,1470.4,B
22285,"Decoration Hen On Nest, Hanging",1470.16,B
22818,Card Christmas Village,1468.5,B
23528,Wall Art Spaceboy,1463.4,B
84818,Danish Rose Photo Frame,1460.81,B
21829,Dinosaur Keyrings Assorted,1460.74,B
22119,Peace Wooden Block Letters,1459.44,B
23280,Folding Butterfly Mirror Hot Pink,1454.72,B
22475,Skull Design Tv Dinner Tray,1453.75,B
22461,Savoy Art Deco Clock,1453.58,B
23267,Set Of 4 Santa Place Settings,1449.93,B
35953,Folkart Star Christmas Decorations,1445.49,B
84884A,Ant White Wire Heart Spiral,1442.1,B
22474,Spaceboy Tv Dinner Tray,1440.58,B
22591,Cardholder Gingham Christmas Tree,1436.48,B
23369,Set 36 Colour Pencils Love London,1435.33,B
85054,French Enamel Pot W Lid,1430.63,B
21470,Flower Vine Raffia Food Cover,1429.15,B
22095,Lads Only Tissue Box,1427.37,B
23250,Vintage Red Trim Enamel Bowl,1427.28,B
21327,Skulls Writing Set,1425.69,B
23034,Drawer Knob Ceramic Black,1425.36,B
15044A,Pink Paper Parasol,1424.49,B
22458,Cast Iron Hook Garden Fork,1421.83,B
21407,Brown Check Cat Doorstop,1421.11,B
22696,Wicker Wreath Large,1419.4,B
15058C,Ice Cream Design Garden Parasol,1419.03,B
23334,Ivory Wicker Heart Small,1416.99,B
23217,Laurel Heart Antique Silver,1416.96,B
84580,Mouse Toy With Pink T-Shirt,1416.78,B
23365,Set 12 Colour Pencils Love London,1416.58,B
22713,Card I Love London,1414.71,B
22949,36 Doilies Dolly Girl,1414.63,B
23524,Wall Art Horse & Pony,1411.62,B
23271,Christmas Table Silver Candle Spike,1411.17,B
23249,Vintage Red Enamel Trim Plate,1407.95,B
85114C,Red Enchanted Forest Placemat,1405.46,B
23470,Card Holder Love Bird Large,1404.29,B
23086,Zinc  Star T-Light Holder,1404.05,B
21363,Home Small Wood Letters,1403.94,B
22600,Christmas Retrospot Star Wood,1401.05,B
21424,Woodland Storage Box Large,1401.02,B
21111,"Swiss Roll Towel, Chocolate  Spots",1399.32,B
22714,Card Birthday Cowboy,1398.18,B
23055,Ivory Chandelier T-Light Holder,1395.18,B
22443,Grow Your Own Herbs Set Of 3,1391.74,B
21872,Glamorous  Mug,1391.69,B
22531,Magic Drawing Slate Circus Parade,1385.53,B
84031B,Charlie Lola Blue Hot Water Bottle,1383.93,B
21071,Vintage Billboard Drink Me Mug,1380.28,B
23119,Pack Of 6 Large Fruit Straws,1379.29,B
23414,Zinc Box Sign Home,1378.75,B
21382,Set/4 Spring Flower Decoration,1374.28,B
23483,Hanging  Butterfly T-Light Holder,1373.31,B
21519,Gin & Tonic Diet Greeting Card,1373.27,B
84536A,English Rose Notebook A7 Size,1370.26,B
51014C,"Feather Pen,Coal Black",1369.88,B
22436,12 Coloured Party Balloons,1369.31,B
23527,Wall Art Animals And Nature,1368.56,B
21507,"Elephant, Birthday Card,",1368.24,B
22664,Toy Tidy Dolly Girl Design,1365.66,B
21619,4 Vanilla Botanical Candles,1365.41,B
22471,Tv Dinner Tray Air Hostess,1364.94,B
21564,Pink  Heart Shape Love Bucket,1359.99,B
22203,Milk Pan Red Retrospot,1357.08,B
85232B,Set/3 Russian Doll Stacking Tins,1356.3,B
22976,Circus Parade Childrens Egg Cup,1354.05,B
22047,Empire Gift Wrap,1352.5,B
21686,Medina Stamped Metal Stool,1351.64,B
22677,French Blue Metal Door Sign 2,1351.52,B
21039,Red Spotty Shopping Bag,1351.14,B
22306,Silver Mug Bone China Tree Of Life,1350.13,B
22363,Glass Jar Marmalade,1348.79,B
22071,Small White Retrospot Mug In Box,1346.84,B
22912,Yellow Coat Rack Paris Fashion,1342.39,B
21191,Large White Honeycomb Paper Bell,1339.12,B
21537,Red Retrospot Pudding Bowl,1336.96,B
21246,Red Retrospot Big Bowl,1336.78,B
22073,Red Retrospot Storage Jar,1336.14,B
22293,Hanging Chick Green Decoration,1335.87,B
21987,Pack Of 6 Skull Paper Cups,1334.29,B
22609,Pens Assorted Spaceball,1332.91,B
22905,Calendar In Season Design,1332.64,B
22911,Paper Chain Kit London,1331.54,B
22472,Tv Dinner Tray Dolly Girl,1330.41,B
21123,Set/10 Ivory Polkadot Party Candles,1329.65,B
20668,Disco Ball Christmas Decoration,1326.2,B
23392,Spaceboy Rocket Lolly Makers,1323.85,B
22182,Cake Stand Victorian Filigree Small,1320.58,B
72802A,Rose Scent Candle In Jewelled Box,1319.36,B
23000,Travel Card Wallet Transport,1318.48,B
23104,Ivory Cafe Hanging Lamp,1317.92,B
22399,Magnets Pack Of 4 Childhood Memory,1317.08,B
22716,Card Circus Parade,1316.5,B
21820,Glitter Heart Garland With Bells,1315.97,B
21179,No Junk Mail Metal Sign,1313.79,B
22362,Glass Jar Peacock Bath Salts,1309.01,B
23538,Wall Art Vintage Heart,1308.85,B
21195,Pink  Honeycomb Paper Ball,1308.56,B
85183B,Charlie & Lola Wastepaper Bin Flora,1308.37,B
84813,Set Of 4 Diamond Napkin Rings,1308.24,B
22922,Fridge Magnets Us Diner Assorted,1305.3,B
22802,Faux Fur Chocolate Throw,1303.74,B
82567,"Airline Lounge,Metal Sign",1302.22,B
21627,Elephant Carnival Pouffe,1299.83,B
22735,Ribbon Reel Socks And Mittens,1299.8,B
22421,Lipstick Pen Fuschia,1299.51,B
22917,Herb Marker Rosemary,1298.59,B
23061,Vintage Embossed Heart,1297.76,B
23376,Pack Of 12 Vintage Christmas Tissue,1296.06,B
21422,Porcelain Rose Small,1295.0,B
85227,Set Of 6 3D Kit Cards For Kids,1293.16,B
21615,4 Lavender Botanical Dinner Candles,1292.52,B
23546,Wrap Paisley Park,1291.5,B
21793,Classic French Style Basket Brown,1289.15,B
22915,Assorted Bottle Top  Magnets,1286.42,B
23552,Bicycle Puncture Repair Kit,1286.12,B
21818,Glitter Christmas Heart,1284.89,B
22028,Penny Farthing Birthday Card,1284.87,B
22166,Wall Mirror Rectangle Diamante Pink,1283.83,B
23469,Card Holder Love Bird Small,1280.59,B
22920,Herb Marker Basil,1277.16,B
37447,Ceramic Cake Design Spotted Plate,1274.23,B
23072,Marie Antoinette Trinket Box Silver,1273.76,B
21211,Set Of 72 Skull Paper  Doilies,1270.07,B
22916,Herb Marker Thyme,1268.35,B
21897,Potting Shed Candle Citronella,1268.19,B
22576,Swallow Wooden Christmas Decoration,1264.56,B
22310,Ivory Knitted Mug Cosy,1261.65,B
21624,Vintage Union Jack Doorstop,1260.7,B
21090,Set/6 Collage Paper Plates,1260.09,B
23559,Woodland Bunnies Lolly Makers,1258.43,B
22304,Coffee Mug Blue Paisley Design,1257.02,B
47503A,Ass Floral Print Multi Screwdriver,1254.12,B
85114A,Black Enchanted Forest Placemat,1253.71,B
22650,Ceramic Pirate Chest Money Bank,1252.89,B
21866,Union Jack Flag Luggage Tag,1251.45,B
90057,Diamante Ring Assorted In Box.,1251.36,B
85059,French Enamel Water Basin,1250.69,B
23040,Paper Lantern 9 Point Snow Star,1249.89,B
23221,Reindeer Heart Decoration Silver,1247.74,B
23373,Vintage Christmas Paper Gift Bag,1246.39,B
22572,Rocking Horse Green Christmas,1244.67,B
22439,6 Rocket Balloons,1241.72,B
71038,White Hanging Beads Candle Holder,1239.5,B
22977,Dolly Girl Childrens Egg Cup,1239.06,B
72817,Set Of 2 Christmas Decoupage Candle,1232.27,B
85132B,Charlie And Lola Table Tins,1230.78,B
21902,"Key Fob , Front  Door",1230.16,B
22918,Herb Marker Parsley,1229.49,B
23138,Single Wire Hook Ivory Heart,1224.93,B
21901,"Key Fob , Back Door",1224.86,B
23067,Hanging Engraved Metal Heart,1224.21,B
22372,Airline Bag Vintage World Champion,1222.12,B
23142,Ivory Wire Kitchen Organiser,1220.82,B
82599,Fanny'S Rest Stopmetal Sign,1217.73,B
22575,Metal Merry Christmas Wreath,1214.27,B
22315,200 Red + White Bendy Straws,1213.97,B
21620,Set Of 4 Rose Botanical Candles,1207.51,B
22168,Organiser Wood Antique White,1205.3,B
23071,Marie Antoinette Trinket Box Gold,1205.1,B
22999,Travel Card Wallet Vintage Leaf,1204.84,B
23511,Embroidered Ribbon Reel Emily,1204.29,B
21262,White Goose Feather Christmas Tree,1200.76,B
22929,School Desk And Chair,1199.75,B
22063,Ceramic Bowl With Strawberry Design,1197.87,B
22754,Small Red Babushka Notebook,1191.29,B
23026,Drawer Knob Vintage Glass Star,1186.48,B
22613,Pack Of 20 Spaceboy Napkins,1186.13,B
22919,Herb Marker Mint,1184.78,B
22416,Set Of 36 Doilies Spaceboy Design,1184.72,B
21986,Pack Of 12 Pink Polkadot Tissues,1181.83,B
23539,Wall Art Loves' Secret,1179.79,B
84012,Magic Sheep Wool Growing From Paper,1178.59,B
23405,Home Sweet Home 2 Drawer Cabinet,1178.33,B
22686,French Blue Metal Door Sign No,1176.46,B
21070,Vintage Billboard Mug,1172.68,B
22129,Party Cones Candy Tree Decoration,1172.3,B
20984,12 Pencils Tall Tube Posy,1166.07,B
84313C,Orange Tv Tray Table,1165.91,B
21846,Pink Diamante Pen In Gift Box,1163.91,B
23431,Natural Hanging Quilted Hearts,1161.27,B
22711,Wrap Circus Parade,1160.84,B
20801,Large Pink Glass Sundae Dish,1157.8,B
85199S,Small Hanging Ivory/Red Wood Bird,1151.74,B
22334,Dinosaur Party Bag + Sticker Set,1147.51,B
21628,Triangular Pouffe Vintage,1146.7,B
22325,Mobile Vintage Hearts,1146.35,B
22921,Herb Marker Chives,1145.42,B
22074,6 Ribbons Shimmering Pinks,1145.23,B
85106,Cut Glass Hexagon T-Light Holder,1142.31,B
21616,4 Pear Botanical Dinner Candles,1142.08,B
21043,Apron Modern Vintage Cotton,1139.86,B
22603,Christmas Retrospot Tree Wood,1139.81,B
22299,Pig Keyring With Light & Sound,1139.38,B
21395,Blue Polkadot Beaker,1139.06,B
21773,Decorative Rose Bathroom Bottle,1136.95,B
22497,Set Of 2 Tins Vintage Bathroom,1136.65,B
85159B,"White Tea,Coffee,Sugar Jars",1134.5,B
23508,Mini Playing Cards Dolly Girl,1132.88,B
23507,Mini Playing Cards Buffalo Bill,1131.37,B
85087,Candy Spot Cushion Cover,1129.99,B
22320,Birds Mobile Vintage Design,1129.42,B
85039B,S/4 Ivory Mini Rose Candle In Bowl,1128.97,B
22589,Cardholder Gingham Star,1128.5,B
22680,French Blue Metal Door Sign 5,1126.57,B
22597,Musical Zinc Heart Decoration,1126.47,B
21774,Decorative Cats Bathroom Bottle,1125.34,B
21947,Set Of 6 Heart Chopsticks,1124.85,B
23515,Embroidered Ribbon Reel Daisy,1123.41,B
23523,Wall Art Treasure Ahoy,1121.31,B
84944,Set Of 6 Kashmir Folkart Baubles,1120.26,B
22708,Wrap Dolly Girl,1118.0,B
47585A,Pink Fairy Cake Cushion Cover,1114.44,B
22094,Red Retrospot Tissue Box,1113.16,B
84912B,Green Rose Washbag,1113.11,B
23225,Cherub Heart Decoration Silver,1111.14,B
22060,Large Cake Stand Hanging Hearts,1111.05,B
22081,Ribbon Reel Flora + Fauna,1110.55,B
20956,Porcelain T-Light Holders Assorted,1109.02,B
21830,Assorted Creepy Crawlies,1107.07,B
85116,Black Candelabra T-Light Holder,1106.88,B
22444,Grow Your Own Plant In A Can,1106.62,B
47580,Tea Time Des Tea Cosy,1106.52,B
22678,French Blue Metal Door Sign 3,1105.38,B
21809,Christmas Hanging Tree With Bell,1105.05,B
23269,Set Of 2 Ceramic Christmas Trees,1104.99,B
23510,Mini Playing Cards Gymkhana,1102.94,B
21824,Painted Metal Star With Holly Bells,1102.42,B
21705,Bag 500G Swirly Marbles,1101.49,B
21688,Silver Plate Candle Bowl Small,1101.28,B
22742,Make Your Own Playtime Card Kit,1100.74,B
85039A,Set/4 Red Mini Rose Candle In Bowl,1098.33,B
23418,Lavender Toilette Bottle,1097.39,B
22211,Wood Stamp Set Flowers,1096.81,B
22376,Airline Bag Vintage Jet Set White,1095.16,B
72800E,4 Ivory Dinner Candles Silver Flock,1093.61,B
21984,Pack Of 12 Pink Paisley Tissues,1093.09,B
23513,Embroidered Ribbon Reel Susie,1089.33,B
23411,Trellis Coat Rack,1088.91,B
85127,Small Square Cut Glass Candlestick,1086.62,B
23433,Hanging Quilted Patchwork Apples,1085.34,B
22342,Home Garland Painted Zinc,1085.26,B
22817,Card Suki Birthday,1082.89,B
21065,Boom Box Speaker Girls,1082.87,B
82578,Kitchen Metal Sign,1080.45,B
22608,Pens Assorted Funky Jeweled,1080.26,B
22984,Card Gingham Rose,1080.14,B
84459B,Yellow Metal Chicken Heart,1079.67,B
47480,Hanging Photo Clip Rope Ladder,1079.04,B
22611,Vintage Union Jack Shopping Bag,1077.03,B
22453,Measuring Tape Babushka Blue,1076.64,B
21466,Red Flower Crochet Food Cover,1075.72,B
23506,Mini Playing Cards Spaceboy,1073.34,B
22819,"Birthday Card, Retro Spot",1073.31,B
22755,Small Purple Babushka Notebook,1073.08,B
22815,Card Psychedelic Apples,1073.06,B
21693,Small Hammered Silver Candlepot,1072.51,B
22338,Star Decoration Painted Zinc,1071.56,B
23102,Silver Hearts Table Decoration,1070.05,B
22245,"Hook, 1 Hanger ,Magic Garden",1070.0,B
23087,Zinc  Heart T-Light Holder,1068.52,B
85036C,Rose 1 Wick Morris Boxed Candle,1066.86,B
23041,Paper Lantern 9 Point Snow Star,1066.51,B
23375,50'S Christmas Paper Gift Bag,1066.29,B
85035B,Chocolate 3 Wick Morris Box Candle,1062.57,B
22539,Mini Jigsaw Dolly Girl,1060.0,B
21224,Set/4 Skull Badges,1059.63,B
21469,Polka Dot Raffia Food Cover,1059.07,B
84459A,Pink Metal Chicken Heart,1058.18,B
23033,Drawer Knob Ceramic Red,1057.45,B
21391,French Lavender Scent Heart,1055.59,B
23402,Home Sweet Home 3 Peg Hanger,1053.81,B
23444,Next Day Carriage,1050.0,B
35648,Vintage Bead Pink Purse,1049.5,B
23327,Hanging Clear Mini Bottle,1048.62,B
21742,Large Round Wicker Platter,1048.58,B
23432,Pretty Hanging Quilted Hearts,1048.52,B
22309,Tea Cosy Red  Stripe,1045.99,B
22997,Travel Card Wallet Union Jack,1044.62,B
21464,Disco Ball Rotator Battery Operated,1042.5,B
22155,Star Decoration Rustic,1041.33,B
22152,Place Setting White Star,1040.48,B
51014L,"Feather Pen,Light Pink",1040.46,B
22066,Love Heart Trinket Pot,1038.57,B
85180A,Red Hearts Light Chain,1033.53,B
21064,Boom Box Speaker Boys,1032.17,B
21949,Set Of 6 Strawberry Chopsticks,1031.05,B
21821,Glitter Star Garland With Bells,1029.59,B
21288,Stripey Chocolate Nesting Boxes,1028.51,B
20967,Grey Floral Feltcraft Shoulder Bag,1027.94,B
23347,I Love London Beaker,1027.58,B
20966,Sandwich Bath Sponge,1022.8,B
22286,"Decoration , Wobbly Rabbit , Metal",1022.1,B
21188,3D Hearts  Honeycomb Paper Garland,1021.9,B
22995,Travel Card Wallet Suki,1020.24,B
21408,Spotty Pink Duck Doorstop,1019.05,B
22459,Cast Iron Hook Garden Trowel,1018.19,B
22860,Easter Tin Chicks Pink Daisy,1017.77,B
21991,Bohemian Collage Stationery Set,1017.67,B
22091,Empire Tissue Box,1017.53,B
15044C,Purple Paper Parasol,1017.09,B
21508,Vintage Kid Dolly Card,1013.42,B
21819,Glitter Christmas Star,1012.91,B
20931,Blue Pot Plant Candle,1010.61,B
23516,Embroidered Ribbon Reel Sophie,1009.85,B
21617,4 Lily  Botanical Dinner Candles,1009.26,B
21803,Christmas Tree Star Decoration,1008.52,B
84558A,3D Dog Picture Playing Cards,1007.98,B
22808,Set Of 6 T-Lights Easter Chicks,1006.37,B
72816,Set/3 Christmas Decoupage Candles,1005.32,B
22924,Fridge Magnets La Vie En Rose,1005.2,B
22024,Rainy Ladies Birthday Card,1004.52,B
22923,Fridge Magnets Les Enfants Assorted,1003.57,B
22231,Jigsaw Tree With Birdhouse,1002.51,B
16237,Sleeping Cat Erasers,1000.98,B
22402,Magnets Pack Of 4 Vintage Collage,999.11,B
21679,Skulls  Stickers,997.34,B
23121,Pack Of 6 Cocktail Parasol Straws,997.08,B
22757,Large Red Babushka Notebook,995.59,B
22679,French Blue Metal Door Sign 4,995.0,B
22242,"Hook, 5 Hanger , Magic Toadstool",994.38,B
21467,Cherry Crochet Food Cover,993.18,B
23153,Zinc Sweetheart Wire Letter Rack,990.73,B
21355,Toast Its - I Love You,988.83,B
21788,Kids Rain Mac Blue,988.44,B
22221,Cake Stand Lovebird 2 Tier Pink,988.39,B
22673,French Garden Sign Blue Metal,987.33,B
21198,White Heart Confetti In Tube,987.02,B
22614,Pack Of 12 Spaceboy Tissues,986.76,B
20886,Box Of 9 Pebble Candles,986.23,B
35651,Vintage Bead Pink Scarf,985.84,B
16016,Large Chinese Style Scissor,985.45,B
20802,Small Glass Sundae Dish Clear,984.47,B
23544,Wall Art Mid Century Modern,983.13,B
23331,Decorative Wicker Heart Small,983.08,B
21354,Toast Its - Best Mum,982.51,B
23419,Home Sweet Home Bottle,979.45,B
85064,Cream Sweetheart Letter Rack,976.25,B
21648,Assorted Tutti Frutti Small Purse,975.41,B
22153,Angel Decoration Stars On Dress,974.09,B
10125,Mini Funky Design Tapes,971.89,B
22163,Heart String Memo Holder Hanging,971.36,B
22098,Boudoir Square Tissue Box,970.77,B
23517,Embroidered Ribbon Reel Rebecca,970.36,B
22190,Local Cafe Mug,970.32,B
85114B,Ivory Enchanted Forest Placemat,970.31,B
23088,Zinc Heart Flower T-Light Holder,969.0,B
22581,Wood Stocking Christmas Scandispot,966.56,B
21948,Set Of 6 Cake Chopsticks,965.93,B
22857,Assorted Easter Gift Tags,965.86,B
23518,Embroidered Ribbon Reel Rachel,963.07,B
22246,"Garland, Magic Garden 1.8M",962.77,B
22123,Ping Microwave Apron,960.65,B
21058,Party Invites Woodland,959.85,B
23107,White Hearts Wire Plant Pot Holder,958.48,B
85232D,Set/3 Decoupage Stacking Tins,957.75,B
79302M,"Art Lights,Funk Monkey",957.04,B
22279,Pocket Bag Blue Paisley Red Spot,953.92,B
22681,French Blue Metal Door Sign 6,953.87,B
84913A,Soft Pink Rose Towel,952.83,B
21389,Ivory Hanging Decoration  Bird,952.33,B
23545,Wrap Red Vintage Doily,952.1,B
23514,Embroidered Ribbon Reel Sally,950.35,B
23512,Embroidered Ribbon Reel Rosie,948.23,B
23533,Wall Art Garden Haven,947.64,B
21717,Easter Tin Bucket,946.93,B
15044B,Blue Paper Parasol,946.83,B
84843,White Soap Rack With 2 Bottles,946.0,B
23566,Egg Cup Milkmaid Heidi,945.31,B
23540,Wall Art The Magic Forest,944.51,B
22270,Happy Easter Hanging Decoration,942.2,B
22262,Felt Egg Cosy Chicken,940.54,B
84596G,Small Chocolates Pink Bowl,939.33,B
84509G,Set Of 4 Fairy Cake Placemats,937.91,B
85034A,3 Gardenia Morris Boxed Candles,936.27,B
20733,Gold Mini Tape Measure,934.76,B
21683,Medium Medina Stamped Metal Bowl,931.0,B
22307,Gold Mug Bone China Tree Of Life,930.61,B
35471D,Set Of 3 Bird Light Pink Feather,927.29,B
21682,Large Medina Stamped Metal Bowl,926.01,B
85103,Silver T-Light Setting,924.29,B
23380,Pack Of 12 Vintage Doily Tissues,923.77,B
22281,Easter Tree Yellow Birds,923.49,B
23183,Mother'S Kitchen Spoon Rest,922.41,B
23179,Clock Magnet Mum'S Kitchen,922.19,B
22446,Pin Cushion Babushka Pink,922.16,B
18098C,Porcelain Butterfly Oil Burner,921.87,B
20752,Blue Polkadot Washing Up Gloves,920.45,B
22893,Mini Cake Stand T-Light Holder,919.68,B
21802,Christmas Tree Heart Decoration,919.14,B
22132,Red Love Heart Shape Cup,916.5,B
20686,Dolly Mixture Children'S Umbrella,916.17,B
22540,Mini Jigsaw Circus Parade,911.89,B
22103,Mirror Mosaic T-Light Holder Round,908.24,B
37501,Tea Time Tea Set In Gift Box,906.83,B
22519,Childs Garden Brush Pink,906.75,B
70007,Hi Tec Alpine Hand Warmer,905.77,B
23178,Jam Clock Magnet,905.31,B
85131A,Beaded Pearl Heart White On Stick,901.48,B
22994,Travel Card Wallet Retrospot,901.19,B
85185B,Pink Horse Sock Puppet,900.39,B
35646,Vintage Bead Pink Evening Bag,900.35,B
22785,Squarecushion Cover Pink Union Flag,897.56,B
22046,Tea Party  Wrapping Paper,897.5,B
20846,Zinc Heart Lattice T-Light Holder,897.48,B
21631,Hippy Chic Decorative Parasol,896.01,B
21894,Potting Shed Seed Envelopes,895.83,B
22719,Gumball Monochrome Coat Rack,895.72,B
21633,Sunflower Decorative Parasol,895.46,B
84823,Danish Rose Folding Chair,890.4,B
23452,Heart Mini Portrait Frame,890.19,B
23281,Folding Butterfly Mirror Red,887.74,B
21743,Star Portable Table Light,887.65,B
84536B,Fairy Cakes Notebook A7 Size,887.2,B
84519A,Tomato Charlie+Lola Coaster Set,884.76,B
22209,Wood Stamp Set Happy Birthday,884.57,B
22524,Childrens Garden Gloves Blue,883.2,B
22251,Birdhouse Decoration Magic Garden,882.11,B
22317,Five Cats Hanging Decoration,879.67,B
23002,Travel Card Wallet Skulls,875.4,B
21465,Pink Flower Crochet Food Cover,875.3,B
22758,Large Purple Babushka Notebook,873.05,B
21786,Polkadot Rain Hat,871.23,B
22069,Brown  Pirate Treasure Chest,870.69,B
22761,Chest 7 Drawer Ma Campagne,870.43,B
21209,Multicolour Honeycomb Fan,870.25,B
22936,Baking Mould Rose White Chocolate,869.71,B
21399,Blue Polkadot Coffee Mug,869.61,B
22210,Wood Stamp Set Best Wishes,869.29,B
21199,Pink  Heart Confetti In Tube,868.53,B
23532,Wall Art Work Rest And Play,865.44,B
22277,Cosmetic Bag Vintage Rose Paisley,864.35,B
23461,Sweetheart Bird House,862.48,B
47504H,English Rose Spirit Level,862.09,B
22683,French Blue Metal Door Sign 8,859.59,B
47593B,Scottie Dogs Baby Bib,858.8,B
22682,French Blue Metal Door Sign 7,857.35,B
22321,Bird Decoration Red Retrospot,856.04,B
84849D,Hot Baths Soap Holder,855.62,B
21823,Painted Metal Heart With Holly Bell,854.35,B
22500,Set Of 2 Tins Jardin De Provence,853.3,B
21708,Folding Umbrella Cream Polkadot,853.15,B
23502,Playing Cards Vintage Doily,852.66,B
23099,French Carriage Lantern,852.22,B
21695,Small Silver Flower Candle Pot,851.89,B
22106,Mirror Mosaic Hurricane Lamp,850.16,B
21880,Red Retrospot Tape,848.42,B
23004,Travel Card Wallet Pantry,848.31,B
22599,Christmas Musical Zinc Star,844.85,B
21359,Relax Large Wood Letters,844.28,B
84535B,Fairy Cakes Notebook A6 Size,843.22,B
21204,Daisies  Honeycomb Garland,842.05,B
22162,Heart Garland Rustic Padded,841.24,B
22442,Grow Your Own Flowers Set Of 3,840.95,B
37327,Asstd Multicolour Circles Mug,840.08,B
17091J,Vanilla Incense In Tin,838.59,B
22565,Feltcraft Hairbands Pink And White,837.52,B
85183A,Charlie & Lola Wastepaper Bin Blue,835.79,B
22105,Mirror Mosaic Goblet Candle Holder,835.43,B
85049H,Urban Black Ribbons,835.07,B
22102,Mirror Mosaic T-Light Holder,831.84,B
22695,Wicker Wreath Small,830.43,B
23413,Vintage Coffee Grinder Box,828.92,B
23423,Pantry 3 Hook Rolling Pin Hanger,828.27,B
84660C,Pink Stitched Wall Clock,828.24,B
22537,Magic Drawing Slate Dinosaur,827.2,B
22862,Love Heart Napkin Box,826.95,B
21294,Etched Glass Coaster,825.49,B
85176,Sewing Susan 21 Needle Set,825.06,B
85194L,Hanging Spring Flower Egg Large,822.89,B
21694,Small Regal  Silver Candlepot,822.63,B
72818,Christmas Decoupage Candle,821.98,B
22276,Wash Bag Vintage Rose Paisley,820.32,B
21642,Assorted Tutti Frutti Pen,820.15,B
21291,Small Spotty Chocolate Gift Bag,819.64,B
46776F,Woven Rose Garden Cushion Cover,817.89,B
22308,Tea Cosy Blue Stripe,817.58,B
21804,White Christmas Garland Stars Trees,815.03,B
84660A,White Stitched Wall Clock,813.29,B
22701,Pink Dog Bowl,813.11,B
23220,Reindeer Heart Decoration Gold,813.07,B
21125,Set 6 Football Celebration Candles,812.35,B
22249,Decoration White Chick Magic Garden,811.23,B
22341,Love Garland Painted Zinc,811.18,B
84509B,Set Of 4 Fairy Cake Placemats,809.59,B
23324,Rustic Strawberry Jam Pot Large,807.78,B
22254,Felt Toadstool Large,806.8,B
22706,Wrap Cowboys,805.94,B
23186,French Style Storage Jar Cafe,803.8,B
20986,Blue Calculator Ruler,803.65,B
22814,Card Party Games,803.45,B
23479,Wire Egg Basket,802.47,B
22268,Easter Decoration Sitting Bunny,802.34,B
85169A,Ivory Love Bird Candle,801.93,B
22093,Motoring Tissue Box,799.9,B
22343,Party Pizza Dish Red Retrospot,799.77,B
85035A,Gardenia 3 Wick Morris Boxed Candle,799.24,B
23106,Zinc Hearts Plant Pot Holder,797.42,B
22438,Balloon Art Make Your Own Flowers,794.59,B
23519,Embroidered Ribbon Reel Claire,792.31,B
23564,Egg Cup Milkmaid Ingrid,789.29,B
23551,Pack Of 12 Paisley Park Tissues,787.61,B
20839,French Paisley Cushion Cover,785.55,B
84006,Magic Tree -Paper Flowers,784.1,B
22518,Childs Garden Brush Blue,783.54,B
79191C,Retro Plastic Elephant Tray,781.93,B
21789,Kids Rain Mac Pink,781.62,B
85159A,"Black Tea,Coffee,Sugar Jars",781.4,B
22068,Black Pirate Treasure Chest,781.39,B
22099,Caravan Square Tissue Box,779.98,B
79160,Heart Shape Wireless Doorbell,779.03,B
21272,Salle De Bain Hook,777.57,B
84509C,Set Of 4 Polkadot Placemats,776.4,B
22451,Silk Purse Babushka Red,775.8,B
23472,Nine Drawer Office Tidy,774.82,B
84279B,Cherry Blossom Decorative Flask,774.7,B
22546,Mini Jigsaw Purdey,773.29,B
22522,Childs Garden Fork Blue,771.74,B
22705,Wrap Green Pears,769.86,B
21618,4 Wildflower Botanical Candles,768.37,B
22228,Bunny Wooden Painted With Bird,766.47,B
22685,French Blue Metal Door Sign 0,766.44,B
23140,Triple Wire Hook Ivory Heart,766.1,B
23487,Sweet Heart Cake Carrier,765.73,C
22587,Feltcraft Hairband Red And Blue,764.92,C
23521,Wall Art Cat And Bird,763.17,C
85032A,Romantic Images Gift Wrap Set,762.83,C
22118,Joy Wooden Block Letters,762.0,C
21905,More Butter Metal Sign,761.47,C
21530,Dairy Maid Toastrack,761.41,C
85135C,Red Dragonfly Helicopter,760.98,C
85125,Small Round Cut Glass Candlestick,760.39,C
10002,Inflatable Political Globe,759.89,C
85170D,Set/6 Pink Bird T-Light Candles,759.82,C
85130B,Beaded Crystal Heart Green Large,759.64,C
84819,Danish Rose Round Sewing Box,758.81,C
85163B,Black Baroque Wall Clock,758.72,C
23006,Travel Card Wallet Flower Meadow,758.59,C
21927,Blue/Cream Stripe Cushion Cover,757.4,C
22454,Measuring Tape Babushka Red,757.02,C
23409,Photo Frame Linen And Lace Large,756.68,C
21162,Toxic Area  Door Hanger,756.42,C
22480,Red Tea Towel Classic Design,755.96,C
21158,Moody Girl Door Hanger,755.84,C
21462,"Nursery A,B,C Painted Letters",754.95,C
21287,Scented Velvet Lounge Candle,754.45,C
15034,Paper Pocket Traveling Fan,754.36,C
22336,Dove Decoration Painted Zinc,754.03,C
21084,Set/6 Collage Paper Cups,753.82,C
23550,Wrap Alphabet Poster,752.6,C
85231B,Cinammon Set Of 9 T-Lights,752.39,C
21983,Pack Of 12 Blue Paisley Tissues,752.35,C
23017,Apothecary Measuring Jar,751.4,C
23124,18Pc Wooden Cutlery Set Disposable,751.38,C
84519B,Carrot Charlie+Lola Coaster Set,751.26,C
20748,Kensington Coffee Set,751.17,C
22025,Ring Of Roses Birthday Card,751.03,C
22133,Pink Love Heart Shape Cup,750.54,C
21504,Skulls Greeting Card,748.65,C
84660B,Black Stitched Wall Clock,748.36,C
84763,Zinc Finish 15Cm Planter Pots,748.34,C
22322,Bird Decoration Green Polkadot,747.81,C
85173,Set/6 Frog Prince T-Light Candles,747.75,C
21680,Woodland  Stickers,747.56,C
22252,Birdcage Decoration Tealight Holder,746.57,C
17084R,Assorted Incense Pack,745.2,C
22258,Felt Farm Animal Rabbit,743.89,C
21643,Assorted Tutti Frutti Mirror,743.31,C
21215,Ivory Paper Cup Cake Cases,742.55,C
23325,Rustic Strawberry Jam Pot Small,740.94,C
22566,Feltcraft Hairband Pink And Purple,740.54,C
23282,Folding Butterfly Mirror Ivory,739.75,C
22523,Childs Garden Fork Pink,738.98,C
22316,200 Bendy Skull Straws,738.62,C
84609,Tall Rococo Candle Holder,736.59,C
21383,Pack Of 12 Sticky Bunnies,736.58,C
23025,Drawer Knob Vintage Glass Ball,735.84,C
84913B,Mint Green Rose Towel,735.47,C
22264,Felt Farm Animal White Bunny,735.35,C
22786,Cushion Cover Pink Union Jack,735.23,C
72799E,Ivory Pillar Candle Silver Flock,735.17,C
79030G,"Tumbler, New England",733.49,C
85212,Mini Painted Garden Decoration,733.19,C
23123,Cocktail Swords 50 Pieces,733.07,C
84872A,Teatime Funky Flower Backpack For 2,732.23,C
23022,Small Bonne Jam Jar  T-Light Holder,731.2,C
85036A,Gardenia 1 Wick Morris Boxed Candle,730.93,C
23335,Egg Frying Pan Ivory,730.55,C
21398,Red Polkadot Coffee  Mug,729.6,C
22856,Assorted Easter Decorations  Bells,729.57,C
22250,Decoration  Butterfly  Magic Garden,727.69,C
23460,Sweetheart Wall Tidy,726.35,C
22586,Feltcraft Hairband Pink And Blue,725.95,C
84754,S/15 Silver Glass Baubles In Bag,725.52,C
23498,Classic Bicycle Clips,724.85,C
21707,Folding Umbrella Blackblue Polkadot,724.06,C
21677,Hearts  Stickers,722.96,C
72803A,Rose Scent Candle Jewelled Drawer,722.47,C
79067,Corona Mexican Tray,719.69,C
21126,Set Of 6 Girls Celebration Candles,718.95,C
22287,"Decoration , Wobbly Chicken, Metal",716.47,C
21883,Stars Gift Tape,716.32,C
23338,Egg Frying Pan Red,714.49,C
22718,Card Cat And Tree,712.19,C
22684,French Blue Metal Door Sign 9,711.71,C
22400,Magnets Pack Of 4 Home Sweet Home,710.91,C
21189,White Honeycomb Paper Garland,709.22,C
21630,Floor Cushion Elephant Carnival,709.19,C
21289,Large Stripes Chocolate Gift Bag,707.5,C
21143,Antique Glass Heart Decoration,707.23,C
21775,Decorative Flore Bathroom Bottle,707.02,C
23522,Wall Art Dog And Ball,705.4,C
85131D,Beaded Crystal Heart Pink On Stick,705.28,C
79066K,Retro Mod Tray,704.78,C
22821,Gift Bag Psychedelic Apples,701.12,C
22026,Banquet Birthday  Card,700.4,C
85049D,Bright Blues Ribbons,699.91,C
21476,Steel Sweetheart Round Table Cream,699.63,C
23115,Red Apples Chopping Board,699.24,C
79164,Black Wine Glass,697.62,C
85078,Scandinavian 3 Hearts Napkin Ring,696.8,C
21106,Cream Slice Flannel Chocolate Spot,696.72,C
85032B,Blossom Images Gift Wrap Set,696.08,C
23187,French Style Storage Jar Bonbons,695.06,C
22753,Small Yellow Babushka Notebook,693.35,C
23223,Christmas Tree Hanging Silver,692.48,C
21066,Vintage Red Mug,692.22,C
20996,Jazz Hearts Address Book,690.91,C
22481,Black Tea Towel Classic Design,688.95,C
23070,Edwardian Heart Photo Frame,688.8,C
22981,Pantry Apple Corer,688.16,C
46775D,Sunset Colour Chunky Knitted Throw,687.03,C
20902,Vintage Keepsake Box Paris Days,686.86,C
84581,Dog Toy With Pink Crochet Skirt,686.45,C
20866,Blue Rose Fabric Mirror,685.06,C
22217,T-Light Holder Hanging Lace,683.75,C
84796A,Pink Hawaiian Picnic Hamper For 2,683.74,C
23114,Vintage Leaf Chopping Board,683.5,C
21636,Madras Notebook Medium,683.41,C
22339,Christmas Tree Painted Zinc,683.31,C
21208,Pastel Colour Honeycomb Fan,682.95,C
23435,3 Raffia Ribbons Vintage Christmas,682.28,C
35923,Candy Heart Hanging Decoration,681.16,C
21163,Do Not Touch My Stuff Door Hanger,680.55,C
85019B,Blossom  Images Notebook Set,680.47,C
22403,Magnets Pack Of 4 Vintage Labels,679.53,C
23120,Pack Of 6 Small Fruit Straws,679.13,C
16235,Recycled Pencil With Rabbit Eraser,678.6,C
22062,Ceramic Bowl With Love Heart Design,677.86,C
84659A,White Travel Alarm Clock,676.27,C
85032C,Curious Images Gift Wrap Set,675.56,C
40001,White Bamboo Ribs Lampshade,675.23,C
22201,Frying Pan Blue Polkadot,674.76,C
21205,Multicolour 3D Balls Garland,674.64,C
22136,Love Heart Sock Hanger,672.7,C
21696,Small Silver Trellis Candlepot,672.4,C
22618,Cooking Set Retrospot,671.53,C
23222,Christmas Tree Hanging Gold,669.74,C
21261,Green Goose Feather Christmas Tree,669.14,C
85071B,Red Charlie+Lola Personal Doorsign,668.24,C
23024,Large Bonne Jam Jar  T-Light Holder,667.85,C
47574A,English Rose Scented Hanging Flower,665.2,C
22340,Noel Garland Painted Zinc,664.11,C
22324,Blue Polkadot Kids Bag,663.52,C
21613,S/12 Vanilla  Botanical T-Lights,661.93,C
22422,Toothpaste Tube Pen,660.9,C
23598,Paper Bunting Vintage Party,660.03,C
23042,Paper Lantern 7 Point Snow Star,658.33,C
22450,Silk Purse Babushka Blue,657.76,C
21629,Square Floor Cushion Vintage Red,656.15,C
22535,Magic Drawing Slate Bunnies,654.63,C
22267,Easter Decoration Egg Bunny,654.06,C
20658,Red Spotty Luggage Tag,652.11,C
37475,Set/4 Colourful Mixing Bowls,652.03,C
22525,Childrens Garden Gloves Pink,648.97,C
21187,White Bell Honeycomb Paper Garland,648.45,C
21356,Toast Its - Fairy Flower,647.69,C
22514,Childs Garden Spade Blue,646.63,C
21739,Cosy Slipper Shoes Small Green,646.01,C
22953,Birthday Party Cordon Barrier Tape,645.86,C
22097,Swallow Square Tissue Box,645.81,C
22715,Card Wedding Day,645.64,C
21747,Small Skull Windmill,645.61,C
35001G,Hand Open Shape Gold,643.59,C
22615,Pack Of 12 Circus Parade Tissues,643.32,C
23454,Three Mini Hanging Frames,641.91,C
22533,Magic Drawing Slate Bake A Cake,641.87,C
22495,Set Of 2 Round Tins Camembert,641.4,C
22204,Milk Pan Blue Polkadot,640.79,C
84789,Enchanted Bird Plant Cage,640.72,C
35810A,Enamel Pink Coffee Container,640.09,C
84800L,Large White/Pink Rose Art Flower,639.36,C
84929,Asstd Fruit+Flowers Fridge Magnets,637.56,C
90200D,Pink Sweetheart Bracelet,636.67,C
21054,Nurse'S Bag Soft Toy,634.53,C
21784,Shoe Shine Box,633.07,C
84707A,Silver Jewelled Mirror Trinket Tray,632.83,C
85177,Basket Of Flowers Sewing Kit,631.95,C
84596L,Biscuits Small Bowl Light Blue,631.84,C
21650,Assorted Tutti Frutti Bracelet,630.19,C
20767,Blue Paisley Journal,628.29,C
23458,Dolly Cabinet 3 Drawers,627.9,C
21351,Cinammon & Orange Wreath,627.55,C
22393,Paperweight Vintage Collage,627.23,C
84817,Danish Rose Decorative Plate,626.64,C
79163,Black Champagne Glass,626.55,C
84923,Pink Butterfly Handbag W Bobbles,626.19,C
22194,Black Diner Wall Clock,625.69,C
84665,Square Cherry Blossom Cabinet,624.75,C
85199L,Large Hanging Ivory & Red Wood Bird,624.43,C
23216,Laurel Heart Antique Gold,623.27,C
84086C,Pink/Purple Retro Radio,622.27,C
22520,Childs Garden Trowel Blue,622.1,C
17021,Namaste Swagat Incense,621.54,C
16225,Rattle Snake Eggs,621.22,C
20735,Black Mini Tape Measure,620.7,C
85141,Jardin Etched Glass Fruitbowl,619.94,C
21426,Woodland Storage Box Small,619.62,C
84637,Kitchen Flower Pots Wall Plaque,619.59,C
22559,Seaside Flying Disc,619.15,C
21317,Glass Sphere Candle Stand Medium,618.68,C
21473,Sweetheart Cream Steel Table Rect,618.66,C
22067,Choc Truffle Gold Trinket Pot,618.34,C
21808,"Christmas Garland Stars,Trees",618.0,C
23408,Photo Frame Linen And Lace Small,617.76,C
22035,Vintage Caravan Greeting Card,617.32,C
46776B,Woven Berries Cushion Cover,616.08,C
21446,12 Red Rose Peg Place Settings,615.92,C
23568,Egg Cup Henrietta Hen Cream,615.62,C
22288,Hanging Metal Rabbit Decoration,614.45,C
21171,Bathroom Metal Sign,613.14,C
23019,Small Apothecary Measuring Jar,612.55,C
23018,Large Apothecary Measuring Jar,612.16,C
22021,Blue Felt Easter Egg Basket,610.45,C
23547,Wrap Flower Shop,609.0,C
20772,Garden Path Journal,608.58,C
21640,Assorted Tutti Frutti  Fob Notebook,608.33,C
22396,Magnets Pack Of 4 Retro Photo,608.02,C
21769,Vintage Post Office Cabinet,607.65,C
20704,Mr Robot Soft Toy,607.5,C
21822,Glitter Christmas Tree With Bells,605.59,C
23456,Medium Parlour Picture Frame,605.05,C
22389,Paperweight Save The Planet,604.55,C
22116,Metal Sign His Dinner Is Served,604.27,C
22269,Egg Cup Natural Chicken,604.09,C
72232,Feng Shui Pillar Candle,602.87,C
21709,Folding Umbrella Chocolate Polkadot,602.28,C
85017B,Envelope 50 Blossom Images,600.29,C
85170C,Set/6 Eau De Nil Bird T-Lights,600.27,C
21684,Small Medina Stamped Metal Bowl,599.44,C
22057,Ceramic Plate Strawberry Design,599.28,C
21014,Swiss Chalet Tree Decoration,598.82,C
23482,Pearlised Ivory Heart Large,598.32,C
21865,Pink Union Jack  Passport Cover,598.21,C
17012B,Origami Jasmine Incense/Candle Set,595.85,C
22515,Childs Garden Spade Pink,594.39,C
22420,Lipstick Pen Baby Pink,594.18,C
22359,Glass Jar Kings Choice,594.08,C
21448,12 Daisy Pegs In Wood Box,592.62,C
22247,Bunny Decoration Magic Garden,591.44,C
20840,French Floral Cushion Cover,590.15,C
46776A,Woven Bubble Gum Cushion Cover,590.0,C
85036B,Chocolate 1 Wick Morris Box Candle,589.9,C
23180,Mum'S Kitchen Clock,588.85,C
23224,Cherub Heart Decoration Gold,588.7,C
35971,Rose Folkart Heart Decorations,588.59,C
23471,Six Drawer Office Tidy,586.94,C
21159,Moody Boy  Door Hanger,586.41,C
21581,Skulls  Design  Cotton Tote Bag,585.71,C
84625A,Pink New Baroquecandlestick Candle,585.08,C
22825,Decorative Plant Pot With Frieze,584.37,C
22806,Set Of 6 T-Lights Wedding Cake,584.34,C
85144,Jardin Etched Glass Cheese Dish,582.7,C
22448,Pin Cushion Babushka Red,582.48,C
22255,Felt Toadstool  Small,582.23,C
22266,Easter Decoration Hanging Bunny,581.41,C
21096,Set/6 Fruit Salad  Paper Plates,579.43,C
22233,Jigsaw Rabbit And Birdhouse,579.07,C
85071A,Blue Charlie+Lola Personal Doorsign,578.16,C
21253,Set Of Picture Frame  Stickers,578.05,C
23492,Vintage Jingle Bells Wreath,577.63,C
84352,Silver Christmas Tree Bauble Stand,577.35,C
21292,Small Stripes Chocolate Gift Bag,576.27,C
23537,Wall Art I Love London,576.18,C
22232,Jigsaw Toadstools 3 Piece,575.55,C
23125,6Pc Wood Plate Set Disposable,574.88,C
23520,Embroidered Ribbon Reel Ruby,574.3,C
20702,Pink Padded Mobile,573.54,C
21468,Butterfly Crochet Food Cover,572.23,C
22337,Angel Decoration Painted Zinc,571.94,C
22756,Large Yellow Babushka Notebook,571.71,C
21277,French Style Embossed Heart Cabinet,571.43,C
84748,Folk Felt Hanging Multicol Garland,570.86,C
21251,Dinosaur Height Chart Sticker Set,568.98,C
85161,Acrylic Geometric Lamp,568.65,C
20932,Pink Pot Plant Candle,567.62,C
22820,Gift Bag Birthday,566.79,C
21488,Red White Scarf  Hot Water Bottle,566.17,C
22260,Felt Egg Cosy Blue Rabbit,566.03,C
20764,Abstract Circles Sketchbook,565.93,C
22482,Blue Tea Towel Classic Design,565.86,C
23027,Drawer Knob Vintage Glass Hexagon,565.55,C
22272,Feltcraft Doll Maria,564.92,C
85130D,Beaded Crystal Heart Pink Large,562.97,C
85032D,Yuletide Images Gift Wrap Set,561.34,C
84912A,Pink Rose Washbag,560.62,C
85016,Set Of 6 Vintage Notelets Kit,560.11,C
72598,Set/12 Taper Candles,559.63,C
85163A,White Baroque Wall Clock,559.0,C
71279,Pink Glass Candleholder,558.37,C
84569D,Pack 6 Heart/Ice-Cream Patches,558.16,C
90062,Carnival Bracelet,558.03,C
21662,Vintage Glass Coffee Caddy,557.3,C
23377,Pack Of 12 Dolly Girl Tissues,557.11,C
85187,S/12 Mini Rabbit Easter,556.53,C
21576,Lets Go Shopping Cotton Tote Bag,553.38,C
17129F,Blue Glass Gems In Bag,552.2,C
23453,Oval  Mini Portrait Frame,551.63,C
35965,Folkart Heart Napkin Rings,551.13,C
21219,Set/4 Badges Balloon Girl,550.75,C
21397,Blue  Spotty Egg Cup,550.43,C
21675,Butterflies Stickers,548.28,C
84951A,Set Of 4 Pistachio Lovebird Coaster,545.63,C
85025B,Eau De Nile Heart Shape Photo Frame,545.24,C
85172,Hyacinth Bulb T-Light Candles,543.76,C
23069,Edwardian Photo Frame,543.71,C
21264,White Goose Feather Tree 60Cm,542.4,C
21638,Assorted Tutti Frutti Notebook,541.46,C
22642,Set Of 4 Napkin Charms Stars,541.41,C
85180B,Pink Hearts Light Chain,540.7,C
23549,Wrap Bird Garden,537.6,C
84625C,Blue New Baroque Candlestick Candle,536.41,C
23016,Glass Twist Bon Bon Jar,536.0,C
84598,Boys Alphabet Iron On Patches,535.96,C
85088,Candy Spot Hand Bag,534.83,C
21849,Silver Diamante Pen In Gift Box,534.08,C
22717,Card Dog And Ball,533.29,C
21194,Pink  Honeycomb Paper Fan,533.22,C
82613D,Metal Sign Cupcake Single Hook,532.99,C
85019A,Romantic Images Notebook Set,531.85,C
22261,Felt Egg Cosy White Rabbit,531.67,C
22023,Empire Birthday Card,531.19,C
21128,Gold Fishing Gnome,531.0,C
84951B,Set Of 4 Black Lovebird Coasters,530.99,C
35241,Enamel Blue Rim Biscuit Bin,530.49,C
21801,Christmas Tree Decoration With Bell,530.26,C
23565,Egg Cup Milkmaid Helga,529.25,C
75131,Metal Tube Chime On Bamboo,529.21,C
23381,Pack Of 12 Vintage Leaf Tissues,528.21,C
22275,Weekend Bag Vintage Rose Paisley,527.85,C
22521,Childs Garden Trowel Pink,525.51,C
35809A,Enamel Pink Tea Container,525.39,C
85136A,Yellow Shark Helicopter,524.71,C
85135B,Blue Dragonfly Helicopter,524.55,C
47310M,Small Pop Box Funky Monkey,523.66,C
22248,Decoration  Pink Chick Magic Garden,523.46,C
20785,Fuschia Retro Bar Stool,523.3,C
22861,Easter Tin Chicks In Garden,522.93,C
22903,Calendar Family Favourites,520.96,C
85025C,Pink Heart Shape Photo Frame,520.91,C
20832,Red Flock Love Heart Photo Frame,520.83,C
21059,Party Invites Dinosaurs,520.72,C
23219,Laurel Star Antique Silver,520.01,C
84816,Danish Rose Bedside Cabinet,519.35,C
21015,Dark Bird House Tree Decoration,519.21,C
84313B,Blue Tv Tray Table,518.61,C
22709,Wrap Wedding Day,518.0,C
21270,Antique Cream Cutlery Cupboard,517.44,C
22707,Wrap Monster Fun,517.44,C
23139,Single Wire Hook Pink Heart,516.22,C
21417,Cockle Shell Dish,513.49,C
21711,Folding Umbrella White/Red Polkadot,513.02,C
21455,Painted Yellow Wooden Daisy,511.69,C
85231G,Orange Scented Set/9 T-Lights,511.05,C
23272,Tree T-Light Holder Willie Winkie,509.62,C
23455,Small Parlour Picture Frame,508.74,C
85131B,Beaded Crystal Heart Green On Stick,508.66,C
84520B,Pack 20 English Rose Paper Napkins,508.37,C
85104,Silver Glass T-Light Set,508.25,C
20681,Pink Spotty Childs Umbrella,506.96,C
82613B,"Metal Sign,Cupcake Single Hook",506.47,C
22543,Mini Jigsaw Bake A Cake,506.22,C
20998,Rose Du Sud Oven Glove,505.2,C
22127,Party Cones Carnival Assorted,504.88,C
21654,Ridged Glass Finger Bowl,504.68,C
84687,Beach Hut Shelf W 3 Drawers,504.43,C
84616,Silver Roccoco Chandelier,504.32,C
21067,Vintage Red Teatime Mug,504.15,C
21710,Folding Umbrella Pinkwhite Polkadot,501.98,C
23484,Heart Trellis Triple T-Light Holder,501.07,C
22181,Snowstorm Photo Frame Fridge Magnet,500.91,C
21926,Red/Cream Stripe Cushion Cover,499.9,C
23660,Henrietta Hen Mug,499.16,C
21925,Union Stripe Cushion Cover,498.75,C
22096,Pink Paisley Square Tissue Box,496.73,C
21972,Set Of 36 Dinosaur Paper Doilies,496.16,C
20761,Blue Paisley Sketchbook,494.72,C
23043,Paper Lantern 9 Point Holly Star L,493.67,C
22280,Pocket Bag Pink Paisely Brown Spot,493.58,C
23473,Woodland Small Red Felt Heart,492.26,C
23499,Set 12 Vintage Doily Chalk,491.8,C
23425,Storage Tin Home Sweet Home,490.03,C
21632,Vintage Pink Decorative Parasol,489.74,C
23045,Paper Lantern 5 Point Star Moon,489.69,C
23074,Embossed Heart Trinket Box,489.33,C
22703,Pink Cat Bowl,489.28,C
22050,Pink Paisley Rose Gift Wrap,488.0,C
47563A,Retro Longboard Ironing Board Cover,486.83,C
20766,Garden Path Sketchbook,486.07,C
21202,Dolly Honeycomb Garland,485.46,C
21358,Toast Its - Happy Birthday,485.4,C
20893,Hanging Bauble T-Light Holder Small,485.12,C
23021,Glass Bonne Jam Jar,484.22,C
23060,Heart Beaded Trellis Decoration,482.41,C
17012D,Origami Rose Incense/Candle Set,482.2,C
21634,Assorted Mini Madras Notebook,481.95,C
82616B,Frappucino Scarf Knitting Kit,481.77,C
90209C,Pink Enamel+Glass Hair Comb,480.5,C
21741,Cosy Slipper Shoes Large Green,480.17,C
17012F,Origami Sandlewood Incense/Cand Set,479.29,C
84849B,Fairy Soap Soap Holder,478.83,C
21454,Painted Pink Rabbit,478.43,C
85049F,Baby Boom Ribbons,477.34,C
85194S,Hanging Spring Flower Egg Small,476.82,C
21472,Ladybird + Bee Raffia Food Cover,476.41,C
20803,Small Pink Glass Sundae Dish,476.38,C
21587,Cosy Hour Giant Tube Matches,475.65,C
85093,Candy Spot Egg Warmer Hare,475.18,C
82616C,Midnight Glamour Scarf Knitting Kit,474.14,C
22230,Jigsaw Tree With Watering Can,473.53,C
23218,Laurel Star Antique Gold,473.11,C
22184,Cake Stand Victorian Filigree Large,471.86,C
23398,Hanging Heart Bonheur,470.84,C
23136,Ivory Wire Sweetheart Letter Tray,470.64,C
20716,Party Food Shopper Bag,469.63,C
23451,Square Mini Portrait Frame,467.5,C
84917,White Hand Towel With Butterfly,466.3,C
20707,Crazy Daisy Heart Decoration,465.93,C
23457,Large Parlour Picture Frame,465.73,C
23422,Pantry Hook Balloon Whisk,465.47,C
20615,Blue Polkadot Passport Cover,462.11,C
35598D,Pink/White Christmas Tree 60Cm,461.81,C
21850,Blue  Diamante Pen In Gift Box,461.65,C
22513,Doorstop Football Design,460.73,C
35598B,Black Christmas Tree 60Cm,460.64,C
85107,Cut Glass T-Light Holder Octagon,460.27,C
84674,Flying Pig Watering Can,458.21,C
22511,Retrospot Babushka Doorstop,458.16,C
20838,French Lattice Cushion Cover,458.16,C
21366,Mirrored Wall Art Photo Frames,457.42,C
21867,Pink Union Jack  Luggage Tag,456.78,C
17012C,Origami Lavender Incense/Candl Set,456.75,C
17096,Assorted Laquered Incense Holders,455.98,C
23336,Egg Frying Pan Pink,454.92,C
23117,Poppy Fields Chopping Board,454.01,C
22319,Hairclips Forties Fabric Assorted,453.7,C
84916,Hand Towel Pale Blue W Flowers,453.39,C
82613C,"Metal Sign,Cupcake Single Hook",453.32,C
21641,Assorted Tutti Frutti Keyring Ball,451.59,C
48189,Door Mat Friendship,451.11,C
23466,Tuscan Villa Dovecote Bird Feeder,448.27,C
22496,Set Of 2 Round Tins Dutch Cheese,447.42,C
20770,Abstract Circle Journal,447.25,C
21062,Party Invites Spaceman,447.18,C
21851,Lilac Diamante Pen In Gift Box,446.7,C
85169C,Eau De Nil Love Bird Candle,446.65,C
23379,Pack Of 12 Red Apple Tissues,446.62,C
22516,Childs Garden Rake Blue,445.33,C
21656,Ridged Glass Posy Vase,444.58,C
23509,Mini Playing Cards Fun Fair,444.35,C
21063,Party Invites Jazz Hearts,443.93,C
20903,Vintage Keepsake Box Travelogue,441.89,C
35637A,Ivory String Curtain With Pole,440.62,C
21061,Party Invites Football,439.8,C
22638,Set Of 4 Napkin Charms Crowns,439.22,C
21580,Rabbit  Design  Cotton Tote Bag,439.11,C
84596E,Small Licorice Des Pink Bowl,436.78,C
84920,Pink Flower Fabric Pony,434.98,C
35653,Vintage Bead Notebook,433.19,C
35599D,Pink And White Christmas Tree 120Cm,432.12,C
85111,Silver Glitter Flower Votive Holder,432.09,C
84820,Danish Rose Trinket Trays,431.65,C
22229,Bunny Wooden Painted With Flower,431.29,C
85130C,Beaded Crystal Heart Blue  Large,430.9,C
23548,Wrap Magic Forest,430.5,C
20669,Red Heart Luggage Tag,430.12,C
46776C,Woven Frost Cushion Cover,429.2,C
72819,Cupid Design Scented Candles,429.07,C
21002,Rose Du Sud Drawstring Bag,428.66,C
20831,Gold Photo Frame,428.61,C
22216,T-Light Holder White Lace,428.35,C
23023,Ridged Bonne Jam Jar T-Light Holder,427.92,C
84976,Rectangular Shaped Mirror,427.72,C
77101A,Union Flag Windsock,426.94,C
22517,Childs Garden Rake Pink,426.91,C
20934,Set/3 Pot Plant Candles,424.46,C
20619,Tropical Passport Cover,423.13,C
21088,Set/6 Fruit Salad Paper Cups,422.89,C
84360,Table Lamp White Shade Wood Base,422.22,C
21318,Glass Chalice Blue Small,421.78,C
90154,Lazer Cut Necklace W Pastel Beads,421.75,C
72799F,Ivory Pillar Candle Gold Flock,421.13,C
17107D,"Flower Fairy,5 Summer B'Draw Liners",420.75,C
85071C,"Charlie+Lola""Extremely Busy"" Sign",420.31,C
21129,Silver Fishing Gnome,419.52,C
23044,Paper Lantern 9 Point Holly Star S,419.14,C
21220,Set/4 Badges Dogs,419.12,C
84931B,Blue Scottie Dog W Flower Pattern,419.12,C
21374,Mirrored Wall Art Skulls,418.79,C
22344,Party Pizza Dish Pink Polkadot,417.06,C
85208,Set/12 Funky Felt Flower Peg In Bag,416.91,C
21415,Clam Shell Small,416.79,C
20762,Green Fern Sketchbook,416.33,C
20768,Green Fern Journal,415.76,C
21758,Vintage Shells Print,415.0,C
21003,Rose Du Sud Cushion Cover,414.26,C
22647,Ceramic Love Heart Money Bank,413.75,C
22390,Paperweight Childhood Memories,411.7,C
21817,Glitter Christmas Tree,410.91,C
35599B,Black Christmas Tree 120Cm,410.73,C
20830,Silver Photo Frame,409.83,C
22051,Blue Scandinavian Paisley Wrap,409.5,C
20765,Chrysanthemum Sketchbook,408.59,C
21365,Mirrored Wall Art Stars,408.09,C
22640,Set Of 4 Napkin Charms 3 Keys,407.91,C
84559A,3D Sheet Of Dog Stickers,407.69,C
35004G,Set Of 3 Gold Flying Ducks,405.9,C
90114,Summer Daisies Bag Charm,405.48,C
21828,Eight Piece Snake  Set,404.66,C
21884,Cakes And Bows Gift  Tape,404.33,C
21147,Jingle Bells Tree Decoration,403.53,C
84806B,White Candystuft Artificial Flower,402.2,C
16219,House Shape Pencil Sharpener,401.01,C
22545,Mini Jigsaw Bunnies,399.91,C
84600,New Baroque Jewellery Box,399.19,C
37476,Condiment Tray 4 Bowls And 4 Spoons,399.02,C
85203,Hanging Wood And Felt Butterfly,398.91,C
84821,Danish Rose Deluxe Coaster,397.27,C
22643,Set Of 4 Napkin Charms Leaves,395.57,C
22214,Candle Plate Lace White,391.89,C
85232A,Set/3 Polka Dot Stacking Tins,389.55,C
20867,Pink Rose Fabric Mirror,388.51,C
84974,S/2 Zinc Heart Design Planters,388.05,C
22256,Felt Farm Animal Chicken,387.9,C
20705,Mrs Robot Soft Toy,383.5,C
20854,Blue Patch Purse Pink Heart,383.02,C
22048,Birthday Banquet Gift Wrap,383.0,C
47421,Assorted Colour Lizard Suction Hook,382.08,C
84919,Blue Cushion Cover With Flower,381.78,C
85136C,Red Shark Helicopter,381.43,C
22510,Gingham Babushka Doorstop,380.62,C
21562,Hawaiian Grass Skirt,380.36,C
90161C,Ant Copper Lime Boudicca Bracelet,378.03,C
84247E,Pack/12 Xmas Fun Card,376.71,C
23039,T-Light Holder Silver Heart Handle,376.31,C
47367B,Pair Padded Hangers Pink Check,376.27,C
22598,Christmas Musical Zinc Tree,375.28,C
21635,Madras Notebook Large,374.96,C
85168B,Black Baroque Carriage Clock,374.76,C
21879,Hearts Gift Tape,374.74,C
23058,Christmas Hanging Snowflake,374.46,C
22447,Pin Cushion Babushka Blue,374.46,C
84663A,Grass Hopper Wooden Wall Clock,374.12,C
16045,Popart Wooden Pencils Asst,372.0,C
84826,Asstd Design 3D Paper Stickers,371.9,C
22405,Money Box Pocket Money Design,371.75,C
17012A,Origami Vanilla Incense/Candle Set,371.68,C
23415,Home Sweet Home Hook,371.23,C
21881,Cute Cats Tape,370.42,C
90160C,Turq+Red Boudicca Large Bracelet,369.97,C
84563A,Pink & White Breakfast Tray,369.84,C
21579,Lolita  Design  Cotton Tote Bag,369.22,C
90200E,Green Sweetheart Bracelet,368.56,C
84658,White Stitched Cushion Cover,367.85,C
22769,Chalkboard Kitchen Organiser,366.73,C
23116,Vegetable Garden Chopping Board,366.7,C
21320,Glass Chalice Green  Large,364.22,C
22265,Easter Decoration Natural Chick,363.55,C
21197,Multicolour  Confetti In Tube,363.16,C
16011,Animal Stickers,362.04,C
35957,Smallfolkart Bauble Christmas Dec,361.81,C
23337,Egg Frying Pan Mint,361.77,C
21348,Pink Spots Chocolate Nesting Boxes,361.56,C
21945,Strawberries  Design Flannel,361.54,C
21131,Gold Standing Gnome,360.52,C
35095A,Blue Victorian Fabric Oval Box,359.79,C
84632,Decorative Hanging Shelving Unit,359.7,C
20856,Denim Patch Purse Pink Butterfly,357.29,C
23661,Milk Maids Mug,357.26,C
82095,Heart Buttons Jewellery Box,356.11,C
85169D,Pink Love Bird Candle,356.08,C
35964,Folkart Clip On Stars,355.97,C
84915,Hand Towel Pink Flower And Daisy,355.81,C
90209B,Green Enamel+Glass Hair Comb,355.64,C
23691,Wrap Keep Calm Birthday,355.5,C
21000,Rose Du Sud Cosmetics Bag,354.26,C
22406,Money Box Kings Choice Design,352.7,C
22532,Magic Drawing Slate Leap Frog,352.47,C
21724,Panda And Bunnies Sticker Sheet,351.72,C
23339,Egg Frying Pan Blue,351.16,C
85169B,Black Love Bird Candle,351.14,C
23150,Ivory Sweetheart Soap Dish,350.93,C
84569A,Pack 3 Iron On Dog Patches,350.92,C
22486,Plasmatronic Lamp,350.48,C
35954,Small Folkart Star Christmas Dec,350.48,C
79030D,Tumbler Baroque,350.23,C
21664,Ridged Glass Storage Jar Cream Lid,350.22,C
23459,Dolly Cabinet 2 Drawers,350.0,C
37482P,Cubic Mug Pink Polkadot,349.35,C
23420,Pantry Hook Tea Strainer,349.29,C
21421,Porcelain Rose Large,348.43,C
21051,Ribbons Purse,347.87,C
21723,Alphabet Hearts Sticker Sheet,347.6,C
21689,Silver Vanilla  Flower Candle Pot,347.37,C
23421,Pantry Hook Spatula,347.12,C
84563B,Blue & White Breakfast Tray,346.3,C
90200B,Black Sweetheart Bracelet,346.28,C
20700,Green Cat Floral Cushion Cover,345.17,C
84924A,Wake Up Cockerel Calendar Sign,344.84,C
47591B,Scotties Childrens Apron,344.79,C
84849A,Hello Sailor Blue Soap Holder,344.34,C
21001,Rose Du Sud Washbag,344.06,C
20652,Blue Polkadot Luggage Tag,343.15,C
84766,Silver Rococo Candle Stick,340.7,C
21555,Ceramic Strawberry Trinket Tray,340.63,C
84631,Fruit Tree And Birds Wall Plaque,340.58,C
22345,Party Pizza Dish Blue Polkadot,340.49,C
35095B,Red Victorian Fabric Oval Box,340.19,C
21060,Party Invites Balloon Girl,339.24,C
23015,Cordial Glass Jug,338.38,C
90161B,Ant Copper Turq Boudicca Bracelet,338.19,C
22346,Party Pizza Dish Green Polkadot,337.2,C
21221,Set/4 Badges Cute Creatures,336.51,C
90149,Silver Flowr Pink Shell Necklace,335.28,C
21373,Mirrored Wall Art Snowflakes,334.29,C
23047,Paper Lantern 5 Point Sequin Star,333.5,C
22259,Felt Farm Animal Hen,332.84,C
21222,Set/4 Badges Beetles,332.18,C
23428,Ivory Retro Kitchen Wall Clock,331.63,C
84638,Small Kitchen Flower Pots Plaque,331.5,C
85213,Mini  Zinc Garden Decorations,330.55,C
71270,Photo Clip Line,328.81,C
21263,Green Goose Feather Tree 60Cm,327.72,C
22108,Ping! Microwave Plate,327.12,C
16259,Piece Of Camo Stationery Set,326.56,C
22529,Magic Drawing Slate Go To The Fair,326.35,C
85230B,Cinnamon Scented Votive Candle,326.24,C
22104,Mirror Mosaic Candle Plate,325.78,C
84952B,Black Love Bird T-Light Holder,324.68,C
21285,Retrospot Candle  Medium,324.57,C
85204,Hanging Wood And Felt Flower,324.4,C
90147,Chunky Silver Necklace Pastel Flowe,324.01,C
85205B,Pink Felt Easter Rabbit Garland,323.15,C
21403,Blue Egg  Spoon,320.56,C
16008,Small Folding Scissor(Pointed Edge),320.39,C
84926E,Flowers Tile Coaster,319.68,C
22202,Milk Pan Pink Retrospot,319.35,C
22092,Blue Paisley Tissue Box,318.67,C
85179A,Green Bitty Light Chain,318.67,C
20782,Camouflage Ear Muff Headphones,317.48,C
84931A,Pink Scottie Dog W Flower Pattern,317.44,C
23597,Paper Bunting Paisley Park,317.02,C
72586,Set Of 6 Halloween Ghost T-Lights,317.0,C
22765,Newspaper Stand,316.95,C
85170B,Set/6 Black Bird T-Light Candles,316.75,C
35915C,Peach Knitted Hen,316.46,C
84876B,Green Heart Compact Mirror,315.81,C
47594B,Scotties Design Washbag,314.55,C
84584,Pink Gingham Cat With Scarf,314.51,C
85202,Hanging Wood And Felt Heart,313.13,C
84358,Floor Lamp Shade Wood Base,312.7,C
21248,Door Hanger  Mum + Dads Room,310.42,C
21841,Baby Mouse Red Gingham Dress,310.25,C
22100,Skulls Square Tissue Box,309.85,C
16236,Kitty Pencil Erasers,309.59,C
23478,Woodland Large Pink Felt Heart,309.4,C
47021G,Set/6 Bead Coasters Gauze Bag Gold,309.3,C
21375,Large Camphor Wood Field Mushroom,309.02,C
46776D,Woven Sunset Cushion Cover,308.08,C
20936,Forked Cactus Candle,306.83,C
17084N,Fairy Dreams Incense,305.96,C
16238,Party Time Pencil Erasers,305.08,C
72122,Coffee Scent Pillar Candle,304.68,C
22040,Botanical Rose Gift Wrap,304.5,C
21425,Skulls Storage Box Large,302.79,C
84708B,Pink Jewelled Photo Frame,301.6,C
22641,Set Of 4 Napkin Charms Instrument,301.36,C
35912B,White/Pink Chick Decoration,301.26,C
21719,Lovely Bonbon Sticker Sheet,300.92,C
22135,Mini Ladle Love Heart Pink,299.9,C
22134,Mini Ladle Love Heart Red,299.49,C
21026,Space Owl,298.53,C
20897,Vintage Notebook Paris Days,298.27,C
46118,Funky Monkey Cushion Cover,297.25,C
84510C,Set Of 4 Polkadot Coasters,296.48,C
84596J,Mixed Nuts Light Green Bowl,296.45,C
21942,Skulls Design Flannel,296.39,C
22409,Money Box Biscuits Design,295.97,C
21284,Retrospot Candle  Small,295.81,C
20622,Vippassport Cover,295.44,C
22547,Mini Jigsaw Dinosaur,295.12,C
35911A,Multicolour Rabbit Egg Warmer,292.07,C
22049,Wrap Christmas Screen Print,291.5,C
21371,Mirrored Wall Art Poppies,291.21,C
20780,Black Ear Muff Headphones,291.12,C
85129D,Beaded Crystal Heart Pink Small,291.08,C
20655,Queen Of Skies Luggage Tag,291.04,C
23410,Curio Cabinet Linen And Lace,290.1,C
16015,Medium Chinese Style Scissor,289.98,C
22043,Christmas Card Screen Print,289.02,C
21503,Toybox  Wrap,288.92,C
85024B,Eau De Nile Jewelled Photoframe,288.0,C
21944,Kittens Design Flannel,285.66,C
20618,Queen Of The Skies Passport Cover,284.29,C
71403,"Pink/White ""Keep Clean"" Bullet Bin",283.96,C
18094C,White And Blue Ceramic Oil Burner,283.93,C
84661B,Black Square Table Clock,283.43,C
84341B,Small Pink Magic Christmas Tree,282.38,C
23037,Candle Holder Silver Madeline,282.27,C
21167,White Sage Incense,281.91,C
21442,Green Birdhouse Decoration,281.34,C
22257,Felt Farm Animal Sheep,280.42,C
71101E,Standing Fairy Pole Support,278.5,C
85188A,Green Metal Swinging Bunny,278.17,C
21725,Sweeties  Stickers,277.24,C
72801D,4 Sky Blue Dinner Candles,275.69,C
21250,Set Of Skull Wall Stickers,274.37,C
85186A,Easter Bunny Garland Of Flowers,273.64,C
37413,Icon Mug Revolutionary,273.57,C
16218,Cartoon  Pencil Sharpeners,273.41,C
22052,Vintage Caravan Gift Wrap,273.0,C
21293,Mirrored Dove Wall Decoration,272.59,C
46776E,Woven Candy Cushion Cover,271.91,C
20734,Silver Mini Tape Measure,271.22,C
21386,Ivory Hanging Decoration  Egg,271.2,C
85214,Tub 24 Pink Flower Pegs,271.04,C
85019C,Curious  Images Notebook Set,270.72,C
23567,Egg Cup Henrietta Hen Pink,270.61,C
20684,Strawberry Dream Childs Umbrella,270.56,C
21815,Star  T-Light Holder,270.23,C
21275,Zinc Top  2 Door Wooden Shelf,270.08,C
90198A,Vintage Rose Bead Bracelet Raspberr,270.08,C
35001W,Hand Open Shape Deco.White,270.02,C
79051A,Smokey Grey Colour D.O.F. Glass,269.81,C
23429,Red Retro Kitchen Wall Clock,269.61,C
21761,Wood And Glass Medicine Cabinet,269.55,C
79190B,Retro Plastic Polka Tray,269.46,C
85186C,Bunny Egg Garland,269.17,C
21286,Retrospot Candle  Large,268.9,C
21785,Rain Poncho,268.76,C
21644,Assorted Tutti Frutti Heart Box,268.75,C
21332,Moroccan Beaten Metal Mirror,268.1,C
21666,Ridged Glass T-Light Holder,267.91,C
17013D,Origami Rose Incense In Tube,267.82,C
21445,12 Pink Rose Peg Place Settings,267.5,C
85230E,Strawbry Scented Votive Candle,267.45,C
16169M,Wrap Daisy Carpet,266.7,C
84926D,La Palmiera Tile Coaster,265.95,C
21441,Blue Birdhouse Decoration,265.43,C
84859A,Silver Disco Handbag,264.73,C
23476,Woodland Large Red Felt Heart,264.72,C
90160D,Pink Boudicca Large Bracelet,264.7,C
84952A,Clear Love Bird T-Light Holder,264.47,C
85124B,Blue Juicy Fruit Photo Frame,264.06,C
21279,Vintage Kitchen Print Fruits,263.6,C
20699,Mousey Long Legs Soft Toy,263.48,C
72801C,4 Rose Pink Dinner Candles,263.0,C
20794,Blue  Tile Hook,262.67,C
85039C,S/4 Black Mini Rose Candle In Bowl,262.51,C
20771,Chrysanthemum  Journal,262.03,C
85124C,Green Juicy Fruit Photo Frame,261.89,C
90184B,Amethyst Chunky Bead Bracelet W Str,261.74,C
84858C,Pink Riviera Handbag,261.68,C
20755,Blue Paisley Pocket Book,260.97,C
79337,Blue Flock Glass Candleholder,259.96,C
21324,Hanging Medina Lantern Small,259.67,C
22889,Number Tile Vintage Font No,259.67,C
20777,Chrysanthemum Notebook,259.67,C
23137,Zinc Wire Sweetheart Letter Tray,259.37,C
90161D,Ant Copper Pink Boudicca Bracelet,259.37,C
90160A,Purple Boudicca Large Bracelet,257.87,C
35915B,Blue Knitted Hen,257.22,C
21458,2 Picture Book Eggs Easter Bunny,256.54,C
78124,Magazine Rack Gebra Assorted,256.5,C
84559B,3D Sheet Of Cat Stickers,255.62,C
84952C,Mirror Love Bird T-Light Holder,255.0,C
21269,Antique Cream Cutlery Shelf,254.98,C
21547,Ceramic Birdhouse Crested Tit Small,253.53,C
18007,Essential Balm 3.5G Tin In Envelope,251.61,C
23149,Antique Ivory Wire Bowl Small,251.45,C
21882,Skulls Tape,251.17,C
23481,Pearlised Ivory Heart Small,251.17,C
16012,Food/Drink Sponge Stickers,250.95,C
22164,String Of Stars Card Holder,250.22,C
85230G,Orange Votive Candle,250.08,C
23141,Triple Wire Hook Pink Heart,248.82,C
85071D,Charlie+Lola My Room Door Sign,248.32,C
84678,Classical Rose Small Vase,247.04,C
72800B,4 Purple Flock Dinner Candles,246.99,C
22869,Number Tile Cottage Garden 1,246.14,C
47422,Assorted Monkey Suction Cup Hook,245.76,C
21190,Pink Hearts Paper Garland,245.2,C
20819,Silver Teddy Bear,244.72,C
84422,Pink/Blue Disc/Mirror String,244.17,C
21427,Skulls Storage Box Small,243.84,C
22512,Doorstop Racing Car Design,243.25,C
20616,Cherry Blossom Passport Cover,242.78,C
21676,Flowers  Stickers,242.1,C
23495,Set Of 3 Pantry Wooden Spoons,241.9,C
22954,Hen Party Cordon Barrier Tape,241.38,C
84592,Crochet Rose Purse With Suede Back,241.24,C
22870,Number Tile Cottage Garden 2,240.29,C
22137,Bathroom Set Love Heart Design,237.98,C
47469,Assorted Shapes Photo Clip Silver,237.31,C
20997,Rose Du Sud Cushion Cover,236.96,C
90143,Silver Bracelet W Pastel Flower,236.78,C
72131,Columbian Candle Rectangle,236.4,C
21360,Joy Large Wood Letters,236.17,C
90200A,Purple Sweetheart Bracelet,235.64,C
22124,Set Of 2 Tea Towels Ping Microwave,235.29,C
85095,Three Canvas Luggage Tags,235.23,C
47351B,Blue  Voile Lampshade,234.5,C
85094,Candy Spot Egg Warmer Rabbit,234.28,C
85023B,Eau De Nile Jewelled Photoframe,232.8,C
84857C,Pink Monte Carlo Handbag,232.33,C
90201B,Black Enamel Flower Ring,232.3,C
21265,Pink Goose Feather Tree 60Cm,232.11,C
21028,Ninja Rabbit Black,231.86,C
84712B,Pink Jewelled Photo Frame,231.56,C
23465,Tuscan Villa Bird Feeder,231.0,C
20696,Floral Soft Car Toy,230.81,C
21973,Set Of 36 Mushroom Paper Doilies,230.55,C
22391,Paperweight Home Sweet Home,230.37,C
21379,Camphor Wood Portobello Mushroom,230.09,C
21161,Keep Out Boys Door Hanger,229.92,C
85040B,Set/4 Blue Flower Candles In Bowl,229.47,C
85200,Bunny Egg Box,228.75,C
20775,Daisy Notebook,228.65,C
16216,Letter Shape Pencil Sharpener,227.4,C
72800D,4 Blue Dinner Candles Silver Flock,226.67,C
23003,Travel Card Wallet Vintage Rose,226.2,C
21157,Red Spotty Washbag,225.5,C
21647,Assorted Tutti Frutti Large Purse,224.7,C
21025,Space Frog,223.68,C
21657,Milk Bottle With Glass Stopper,223.46,C
84218,Box/12 Chick & Egg In Basket,223.11,C
21364,Peace Small Wood Letters,222.96,C
90201D,Green Enamel Flower Ring,222.94,C
23474,Woodland Small Blue Felt Heart,222.94,C
72800C,4 Pink Dinner Candle Silver Flock,221.01,C
22394,Paperweight Kings Choice,220.93,C
35967,Folk Art Metal Star T-Light Holder,219.19,C
90058B,Crystal Stud Earrings Assorted Col,218.88,C
35914,Pink Chick Egg Warmer + Egg Cup,218.81,C
90010E,Amber Glass/Silver Bracelet,218.74,C
75178,Asstd Col Butterfly/Crystal W/Chime,217.62,C
20847,Zinc Heart Lattice Charger Large,217.58,C
84876D,Blue Heart Compact Mirror,217.5,C
23036,T-Light Holder Silver Petit Four,217.42,C
20868,Silver Fabric Mirror,216.62,C
21132,Silver Standing Gnome,214.86,C
21316,Small Chunky Glass Roman  Bowl,214.73,C
22031,Botanical Lavender Birthday Card,213.85,C
20659,Economy Luggage Tag,213.61,C
21520,Booze & Women Greeting Card,213.36,C
84711A,Silver Oval Shape Trinket Box,211.85,C
23695,Doily Thank You Card,211.78,C
90200C,Blue Sweetheart Bracelet,211.43,C
23475,Woodland Small Pink Felt Heart,210.64,C
72127,Columbian Candle Round,210.61,C
84877B,Green Round Compact Mirror,210.56,C
22882,Number Tile Vintage Font 3,209.8,C
90160B,Red Boudicca Large Bracelet,209.73,C
90158,St Tropez Necklace,209.18,C
21750,Large Skull Windmill,207.51,C
21456,2 Picture Book Eggs Easter Chicks,207.22,C
22410,Money Box Housekeeping Design,207.16,C
22878,Number Tile Cottage Garden No,204.19,C
16048,Teatime Round Pencil Sharpener,203.64,C
84926A,Wake Up Cockerel Tile Coaster,203.56,C
21911,Garden Metal Sign,203.21,C
84688,Beach Hut Design Blackboard,203.07,C
21377,Small Camphor Wood Field  Mushroom,203.03,C
20781,Gold Ear Muff Headphones,202.87,C
90120C,Green Murano Twist Bracelet,202.75,C
20763,Daisy Sketchbook,201.29,C
90175A,White Glass Chunky Charm Bracelet,199.88,C
47594A,Carousel Design Washbag,199.84,C
20769,Daisy Journal,199.71,C
44235,Ass Col Circle Mobile,198.78,C
21651,Hanging Glass Etched Tealight,198.57,C
22541,Mini Jigsaw Leap Frog,198.06,C
90014A,Silver/Mop Orbit Necklace,196.79,C
90201A,Purple Enamel Flower Ring,196.71,C
22880,Number Tile Vintage Font 1,196.69,C
22044,Christmas Card Stack Of Presents,196.44,C
71143,Silver Book Mark With Beads,196.36,C
85230A,Opium Scented Votive Candle,196.32,C
84875B,Green Square Compact Mirror,196.05,C
90206C,Crystal Diamante Star Brooch,194.85,C
84051,Ass Colour Glowing Tiaras,194.81,C
22263,Felt Egg Cosy Ladybird,194.34,C
90192,Jade Drop Earrings W Filigree,194.22,C
22884,Number Tile Vintage Font 5,194.05,C
21726,Multi Hearts  Stickers,193.64,C
22289,"Decoration , Hanging Metal Chicken",193.52,C
22881,Number Tile Vintage Font 2,193.43,C
84910A,Pink Paisley Cushion Cover,192.14,C
21306,Set/4 Daisy Mirror Magnets,191.87,C
90019A,Silver M.O.P Orbit Bracelet,191.69,C
85045,Green Christmas Tree String 20Light,191.1,C
20617,First Class Passport Cover,190.81,C
90184C,Black Chunky Bead Bracelet W Strap,190.52,C
21376,Large  Tall Camphor Wood Toadstool,190.31,C
21378,Small Tall Camphor Wood Toadstool,189.74,C
84926F,Psychedelic Tile Coaster,189.72,C
16156L,"Wrap, Carousel",189.0,C
21807,White Christmas Star Decoration,189.0,C
22038,Botanical Lavender Gift Wrap,189.0,C
21027,Ninja Rabbit Pink,187.79,C
20694,Floral Pink Monster,187.54,C
20654,First Class Luggage Tag,187.42,C
84535A,English Rose Notebook A6 Size,186.56,C
21367,Mirrored Wall Art Gents,185.53,C
78033,Flag Of St George Chair,185.3,C
21826,Eight Piece Dinosaur Set,185.18,C
22395,Paperweight Vintage Paisley,184.27,C
85055,French Enamel Utensil Holder,183.71,C
21402,Red  Egg  Spoon,183.42,C
22883,Number Tile Vintage Font 4,183.22,C
47471,Rainbow Pegs Photo Clip String,182.74,C
22032,Botanical Lily Greeting Card,181.98,C
84707B,Pink Jewelled Mirror Trinket Tray,181.3,C
84907,Pink Yellow Patch Cushion Cover,180.93,C
90018A,Silver M.O.P Orbit Drop Earrings,180.88,C
21311,Set/4 Bird Mirror Magnets,180.75,C
85215,Assorted Cheese Fridge Magnets,180.71,C
90013A,Midnight Blue Vintage Earrings,180.4,C
22157,Angel Decoration With Lace Padded,180.2,C
90201C,Red Enamel Flower Ring,179.62,C
40003,White Bamboo Ribs Lampshade,179.23,C
21847,Green  Diamante Pen In Gift Box,178.89,C
85131C,Beaded Crystal Heart Blue On Stick,178.85,C
47578A,English Rose Small Scented Flower,178.8,C
84859C,Pink Disco Handbag,178.57,C
21721,Candy Shop  Sticker Sheet,177.83,C
84685,Beach Hut Key Cabinet,177.33,C
23143,Zinc Wire Kitchen Organiser,176.77,C
84711B,Pink Oval Shape Trinket Box,176.69,C
84429A,Medium Pink Buddha Head,176.6,C
21319,Glass Chalice Green  Small,175.78,C
84507C,Blue Circles Design Monkey Doll,175.73,C
85211,S/4 Groovy Cat Magnets,175.16,C
84927F,Psychedelic Tile Hook,175.15,C
22764,"Rustic Wooden Cabinet, Glass Doors",174.77,C
84691,Pack 20 Dolly Pegs,174.5,C
84800M,Medium White/Pink Rose Art Flower,174.31,C
35810B,Enamel Blue Rim Coffee Container,174.09,C
21418,Starfish Soap Dish,173.95,C
84905,Pink Butterfly Cushion Cover,173.48,C
90030B,Red Kukui Coconut Seed Necklace,172.91,C
84509E,Set Of 4 Carousel Placemats,172.39,C
82011C,Bathroom Scales Footprints In Sand,172.05,C
84993A,75 Green Petit Four Cases,172.0,C
84963A,Pink Painted Kashmiri Chair,171.8,C
47481,50Cm Metal String With  7 Clips,171.79,C
62086A,Pink Retro Big Flower Bag,171.6,C
23430,Blue Retro Kitchen Wall Clock,171.15,C
85146,Jardin Etched Glass Small Bell Jar,171.11,C
84804A,Cream Delphinium Artificial Flower,171.1,C
21196,Round White Confetti In Tube,169.88,C
21763,Vintage Wooden Bar Stool,169.75,C
22872,Number Tile Cottage Garden 4,169.2,C
21333,Classic White Frame,168.16,C
90016B,Gold/M.O.P Pendant Orbit Necklace,168.02,C
90082A,Diamante Bow Brooch Green Colour,167.2,C
85129B,Beaded Crystal Heart Green Small,166.13,C
21457,2 Picture Book Eggs Easter Ducks,165.89,C
21280,Vintage Kitchen Print Vegetables,165.75,C
21331,Moroccan Beaten Metal Dish Large,165.74,C
72225C,Lavender Scent Cake Candle,165.6,C
90119,Metalic Leaves Bag Charms,165.16,C
90197B,Black Glass Bracelet W Heart Charms,164.8,C
85179C,Pink Bitty Light Chain,164.17,C
90209A,Purple Enamel+Glass Hair Comb,163.8,C
85145,Jardin Etched Glass Large Bell Jar,163.75,C
85020,Round Pink Heart Mirror,163.61,C
22871,Number Tile Cottage Garden 3,163.35,C
16207A,Pink Strawberry Handbag,163.1,C
21100,Charlie And Lola Charlotte Bag,162.21,C
84683,Classical Rose Candlestand,162.2,C
85027L,French Chateau Large Platter,160.5,C
84799,Sprig Lavender Artificial Flower,160.48,C
21030,Space Cadet Red,159.7,C
79190A,Retro Plastic 70'S Tray,159.29,C
16168M,Funky Monkey Gift Bag Medium,158.89,C
90014B,Gold M Pearl  Orbit Necklace,158.74,C
84247G,"Decoupage,Greeting Card,",158.63,C
84882,Green Wire Standing Candle Holder,157.34,C
23468,Tuscan Villa Bird Table,156.75,C
23416,Chambre Hook,156.7,C
22885,Number Tile Vintage Font 6,156.26,C
90120B,Blue Murano Twist Bracelet,155.82,C
21349,Ivy Heart Wreath,155.6,C
17038,Porcelain Budah Incense Holder,155.57,C
90145,Silver Hoop Earrings With Flower,155.54,C
22538,Mini Jigsaw Go To The Fair,155.3,C
90175D,Tigris Eye Chunky Charm Bracelet,155.14,C
84673B,Blue Fly Swat,155.0,C
84508C,Blue Circles Design Teddy,154.95,C
84595E,Large Tortilla Design Red Bowl,154.68,C
44234,Assorted Circular Mobile,153.93,C
21614,Set Of 12 Rose Botanical T-Lights,153.29,C
22353,Lunch Box With Cutlery Fairy Cakes,153.0,C
21698,Mock Lobster Fridge Magnet,152.86,C
23697,A Pretty Thank You Card,152.6,C
21145,Antique Glass Place Setting,152.5,C
90082B,Diamante Bow Brooch Red Colour,152.4,C
22415,White Tissue Ream,151.05,C
85135A,Yellow Dragonfly Helicopter,151.05,C
84877D,Blue Round Compact Mirror,150.93,C
22874,Number Tile Cottage Garden 6,150.81,C
84804B,Blue Delphinium Artificial Flower,150.45,C
21459,Yellow Easter Egg Hunt Start Post,150.38,C
84629,White 3 Frame Birds And Tree,150.0,C
84963B,Blue Painted Kashmiri Chair,149.85,C
90013B,Black Vintage Earrings,149.41,C
90134,Old Rose Combo Bead Necklace,148.8,C
72128,Columbian Candle Round,148.79,C
90185D,Crystal Diamante Expandable Ring,148.63,C
22408,Money Box Confectionery Design,148.4,C
84576,Blue Cat Biscuit Barrel Pink Heart,148.32,C
22042,Christmas Card Singing Angel,148.17,C
90010A,Midnight Blue Glass/Silver Bracelet,148.16,C
21486,Pink Heart Dots Hot Water Bottle,147.88,C
23560,Set Of 6 Ribbons Country Style,147.41,C
23561,Set Of 6 Ribbons Party,147.39,C
82011B,Bathroom Scales Rubber Ducks,146.85,C
84827,Ass Des Phone Sponge Craft Sticker,146.7,C
21369,Mirrored Wall Art Splodges,146.49,C
46000R,Polyester Filler Pad 45X30Cm,146.45,C
84865,New Baroque Black Photo Album,146.21,C
84870B,Blue Geisha Girl,146.08,C
84870C,Green Geisha Girl,146.05,C
16258A,Swirly Circular Rubbers In Bag,145.82,C
21401,Blue Pudding Spoon,145.67,C
22873,Number Tile Cottage Garden 5,145.5,C
47343A,Fuschia Flower Purse With Beads,145.17,C
22868,Number Tile Cottage Garden 0,144.65,C
21738,Cosy Slipper Shoes Small  Red,144.58,C
35649,Vintage Bead Cosmetic Bag,144.55,C
85118,Heart T-Light Holder,144.52,C
22886,Number Tile Vintage Font 7,144.48,C
90198B,Vintage Rose Bead Bracelet Black,143.9,C
21082,Set/20 Fruit Salad Paper Napkins,143.44,C
84508B,Stripes Design Teddy,142.8,C
20837,French Floral Cushion Cover,142.47,C
37479P,Cubic Mug Flock Pink On Brown,142.23,C
22033,Botanical Rose Greeting Card,141.95,C
21117,Blond Doll Doorstop,141.75,C
90013C,Green Vintage Earrings,141.48,C
20774,Green Fern Notebook,141.24,C
20836,French Paisley Cushion Cover,141.1,C
22875,Number Tile Cottage Garden 7,140.83,C
84744,S/6 Sew On Crochet Flowers,140.02,C
22125,Union Jack Hot Water Bottle,139.86,C
90191,Silver Lariat 40Cm,138.86,C
22876,Number Tile Cottage Garden 8,138.81,C
75011,Blue Daisy Mobile,138.76,C
35922,Easter Bunny Wreath,138.6,C
22877,Number Tile Cottage Garden 9,138.11,C
21736,Gold Scroll Glass T-Light Holder,137.22,C
20757,Red Daisy Pocket Book,136.64,C
21637,Assorted Sanskrit Mini Notebook,136.25,C
16054,Popart Rect Pencil Sharpener Asst,136.2,C
20661,Blue Spotty Purse,135.36,C
90115,Summer Butterflies Bag Charm,134.53,C
47518F,Icon Placemat Pop Art Elvis,134.37,C
21368,Mirrored Wall Art Ladies,134.28,C
90028,New Baroque Large Necklace Blk/Whit,134.16,C
90164B,White  Rosebud Pearl Bracelet,133.5,C
72130,Columbian Candle Round,133.34,C
35921,Easter Bunny Hanging Garland,133.23,C
62096A,Pink/Yellow Flowers Handbag,132.5,C
84192,Assorted Colour Metal Cat,132.5,C
21518,Bank Account  Greeting  Card,132.44,C
90210D,Purple Acrylic Faceted Bangle,132.05,C
21943,Cakes And Rabbits Design Flannel,131.23,C
90185A,Amber Diamante Expandable Ring,131.03,C
37467,Pig Mug In Two Colour Designs,130.27,C
21344,Moroccan Beaten Metal Dish,130.24,C
90000D,Copper/Olive Green Flower Necklace,129.85,C
21281,Vintage Kitchen Print Seafood,129.63,C
20823,Gold Wine Goblet,129.56,C
20758,Abstract Circles Pocket Book,129.2,C
90170,Daisy Hair Band,128.78,C
20826,Silver Aperitif Glass,128.4,C
35638B,Pink/Blue String Curtain,128.33,C
90180A,Black+White Necklace W Tassel,127.24,C
85130A,Beaded Pearl Heart White Large,127.05,C
21400,Red Pudding Spoon,126.77,C
85067,Cream Sweetheart Wall Cabinet,126.65,C
79191B,Retro Plastic Polka Tray,126.4,C
84846A,Scented Candle In Digitalis Tin,126.04,C
23417,Bathroom Hook,125.35,C
22887,Number Tile Vintage Font 8,124.83,C
90073,Vintage Enamel & Crystal Earrings,124.8,C
84228,Hen House W Chick Standing,124.09,C
23477,Woodland Large Blue Felt Heart,123.47,C
37343,Spots Design Mug W Pink Inside,123.3,C
90058A,Crystal Stud Earrings Clear Display,123.12,C
84906,Pink B'Fly C/Cover W Bobbles,123.02,C
90070,Ruby Glass Cluster Bracelet,122.64,C
85086A,Candy Spot Heart Decoration,122.08,C
46000U,Polyester Filler Pad 30Cmx30Cm,121.25,C
37333,"Retro ""Tea For One""",120.99,C
22888,Number Tile Vintage Font 9,120.85,C
79190D,Retro Plastic Daisy Tray,120.68,C
20845,Zinc Heart Lattice 2 Wall Planter,120.65,C
90173,Pair Butterfly Hair Clips,120.34,C
90116,Fruit Salad Bag Charm,120.32,C
90199C,5 Strand Glass Necklace Crystal,120.29,C
84800S,Small White/Pink Rose Art Flower,120.07,C
35972,Daisy Folkart Heart Decoration,120.0,C
90124B,Blue Murano Twist Necklace,119.89,C
23694,Paisley Park Card,119.78,C
90181B,Amethyst Glass/Shell/Pearl Necklace,119.33,C
10080,Groovy Cactus Inflatable,119.09,C
84709B,Pink Oval Jewelled Mirror,119.0,C
90164A,Pink Rosebud Pearl Bracelet,118.97,C
21095,Set/6 Posies Paper Plates,118.73,C
84507B,Stripes Design Monkey Doll,118.73,C
90129B,Turquoise Glass Tassle Bag Charm,118.43,C
84569B,Pack 3 Fire Engine/Car Patches,118.4,C
21032,Space Cadet White,117.78,C
90184A,Amber Chunky Bead Bracelet W Strap,117.73,C
84741C,Citrus Garland Felt Flowers,117.0,C
51020A,Summer Fun Design Shower Cap,116.33,C
84809A,White Chrysanthemums Art Flower,115.5,C
16052,Teatime Push Down Rubber,115.3,C
90122C,Turquoise Crystal+Glass Bracelet,114.25,C
84661A,White Square Table Clock,113.85,C
23305,Set 4 Picnic Cutlery Blueberry,113.1,C
90208,Pair Of Pink Flower Cluster Slide,112.86,C
84457,Set/3 Rabbits Flower Skippping Rope,112.56,C
90003D,Crystal Pair Heart Hair Slides,112.26,C
23185,French Style Storage Jar Jam,112.24,C
90096,Necklace+Bracelet Set Blue Blossom,112.21,C
21814,Heart T-Light Holder,111.77,C
72780,Black Silouette Candle Plate,111.35,C
90036E,"Flower Glass Garld Neckl36""Amethyst",110.95,C
90185C,Black Diamante Expandable Ring,110.09,C
47503H,Ass Floral Print Spirit Level,110.07,C
90125D,Purple Bertie Glass Bead Bag Charm,110.03,C
20731,Posy Candy Bag,109.96,C
85167B,Black Grand Baroque Photo Frame,109.94,C
84925F,Psychedelic Wall Thermometer,109.93,C
23463,Vintage Zinc Watering Can,109.55,C
90124C,Green Murano Twist Necklace,109.54,C
21678,Paisley Pattern  Stickers,108.6,C
72812,Large Zinc Glass Candleholder,107.8,C
21372,Mirrored Wall Art Table Lamp,107.75,C
35916C,Pink Felt Hanging Heart W Flower,107.72,C
17090A,Lavender Incense 40 Cones In Tin,107.45,C
90125A,Pink Bertie Glass Bead Bag Charm,106.24,C
23496,Pantry Kitchen Thermometer,106.13,C
35819B,"Acrylic Hanging Jewel,Blue",106.05,C
20657,Tropical Luggage Tag,105.91,C
20894,Hanging Bauble T-Light Holder Large,105.76,C
20898,Vintage Notebook Travelogue,105.73,C
90016A,Silver/M.O.P Pendant Orbit Necklace,105.71,C
85096,Hilda Candy Spot Rabbit,105.48,C
90195A,Purple Gemstone Bracelet,105.14,C
35818P,"Acrylic Jewel Icicle, Pink",105.07,C
90161A,Ant Copper Red Boudicca Bracelet,105.03,C
21904,House Wrecking Metal Sign,105.0,C
22039,Botanical Lily Gift Wrap,105.0,C
90003C,Midnight Blue Pair Heart Hair Slide,104.92,C
85129C,Beaded Crystal Heart Blue Small,104.85,C
35920,Four Rabbit Easter Decorations,104.84,C
90210C,Red   Acrylic Faceted Bangle,104.71,C
84461,12 Pink Hen+Chicks In Basket,104.55,C
90122A,Pink Crystal+Glass Bracelet,104.53,C
20796,Small Blue Provencal Ceramic Ball,103.94,C
90214A,"Letter ""A"" Bling Key Ring",103.87,C
23303,Set 4 Picnic Cutlery Fondant,103.35,C
90032,Ivory Shell Heart Necklace,103.13,C
90183A,Amber Drop Earrings W Long Beads,102.69,C
22879,Number Tile Vintage Font 0,102.46,C
90130B,Turq Stone/Crystal Earrings,102.37,C
90063A,White Vint Art Deco Crystal Necklac,102.0,C
90196A,Purple Gemstone Necklace 45Cm,102.0,C
84989A,75 Green Fairy Cake Cases,101.81,C
90148,Long Silver Necklace Pastel Flower,101.73,C
20701,Pink Cat Floral Cushion Cover,100.97,C
35637C,Pink String Curtain With Pole,100.86,C
16033,Mini Highlighter Pens,100.8,C
35911B,Pink/Flower Rabbit Egg Warmer,100.76,C
90010B,Black/White Glass/Silver Bracelet,100.09,C
17091A,Lavender Incense In Tin,98.91,C
84898F,Yellow Flowers Felt Handbag Kit,98.63,C
21420,Oyster Trinket Box,98.29,C
84723,Cherry Blossom Canvas Art Picture,97.95,C
23574,Packing Charge,97.5,C
84801A,Pink Hydrangea Art Flower,96.6,C
20795,Large Blue Provencal Ceramic Ball,96.32,C
90101,White Frangipani Necklace,95.59,C
21777,Recipe Box With Metal Heart,95.4,C
23562,Set Of 6 Ribbons Perfectly Pretty,95.37,C
90036D,"Flower Glass Garland Neckl.36""Black",95.35,C
90178A,Amber Chunky Glass+Bead Necklace,95.25,C
84527,Flames Sunglasses Pink Lenses,95.1,C
79144B,Painted Lightbulb Star+ Moon,94.93,C
82613A,"Metal Sign,Cupcake Single Hook",94.84,C
84666,Square Cherry Blossom Cabinet,94.8,C
90081C,Lily Brooch Olive Colour,94.65,C
79144C,Painted Lightbulb Rainbow Design,93.14,C
17084P,Dragons Blood Incense,93.1,C
90185B,Amethyst Diamante Expandable Ring,92.87,C
20653,Cherry Blossom Luggage Tag,92.72,C
20773,Blue Paisley Notebook,92.4,C
35933,Pink Stocking Christmas Decoration,92.21,C
82615,Pink Marshmallow Scarf Knitting Kit,91.8,C
90030C,Brown Kukui Coconut Seed Necklace,91.7,C
90175B,Pink Glass Chunky Charm Bracelet,91.68,C
23304,Set 4 Picnic Cutlery Cherry,91.65,C
47369B,Blue Green Embroidery Cosmetic Bag,91.34,C
21722,Sweet Pudding Sticker Sheet,90.64,C
20662,First Class Holiday Purse,90.42,C
85230F,Jasmine Votive Candle,90.34,C
90204,Pair Of Enamel Butterfly Hairclip,90.22,C
22407,Money Box First Ade Design,89.92,C
23611,Set 10 Cards Red Riding Hood 17214,89.64,C
23151,Zinc Sweetheart Soap Dish,89.62,C
72051S,Bag Of Silver Stones,89.53,C
35400,Wooden Box Advent Calendar,89.5,C
90133,Teal/Fuschia Col Bead Necklace,89.45,C
20892,Set/3 Tall Glass Candle Holder Pink,89.22,C
90123A,Pink Heart Of Glass Bracelet,89.12,C
35833P,4 Pink Flock Christmas Balls,88.47,C
84984A,Green Peony Cushion Cover,88.35,C
84306,S/3 Pink Square Planters Roses,88.22,C
90146,Fine Silver Necklace W Pastel Flowe,87.45,C
47369A,Pink Green Embroidery Cosmetic Bag,87.4,C
23626,Set 10 Cards Dinky Tree 17076,87.15,C
21038,Set/4 Modern Vintage Cotton Napkins,86.75,C
23580,Snack Tray Happy Forest,86.26,C
90019B,Gold M.O.P Orbit Bracelet,85.72,C
84531B,Blue Knitted Egg Cosy,85.61,C
90174,Butterfly Hair Band,85.5,C
75172,Painted Sea Shell Metal Windchime,85.31,C
20901,Vintage Keepsake Box Pink Flower,85.13,C
90129F,Red Glass Tassle Bag Charm,85.08,C
79403,Frosted White Base,84.67,C
20869,Gold Fabric Mirror,84.42,C
20821,Goldie Looking Mirror,84.15,C
16169K,Wrap Folk Art,84.0,C
90018B,Gold M.O.P Orbit Drop Earrings,83.98,C
90166,Pink & White Rosebud Ring,83.89,C
20941,Frog Candle,83.78,C
22016,Dotcomgiftshop Gift Voucher £100.00,83.33,C
90123C,Green Heart Of Glass Bracelet,83.29,C
90129A,Pink Glass Tassle Bag Charm,82.98,C
84881,Blue Wire Spiral Candle Holder,82.57,C
21690,Silver  Candlepot Jardin,82.5,C
35638A,Pink And Black String Curtain,82.1,C
35968,Folk Art Metal Heart T-Light Holder,82.1,C
16049,Teatime Gel Pens Asst,82.08,C
20664,Tropical Holiday Purse,81.66,C
71496A,A4 Wall Tidy Blue Office,80.96,C
21226,Pocket Mirror Woodland,80.55,C
90175C,Blue Glass Chunky Charm Bracelet,80.55,C
84927E,Flowers Tile Hook,80.16,C
90124A,Pink Murano Twist Necklace,79.66,C
90162B,Ant Silver Lime Green Boudicca Ring,79.65,C
84249A,"Greeting Card,Square, Doughnuts",79.63,C
90108,Blue Blossom Hair Clip,79.5,C
90072,Ruby Drop Chandelier Earrings,79.27,C
84984B,Red Peony Cushion Cover,79.05,C
21278,Vintage Kitchen Print Puddings,79.05,C
21370,Mirrored Wall Art Foxy,78.3,C
37479B,Cubic Mug Flock Blue On Brown,78.09,C
23576,Snack Tray Red Vintage Doily,78.0,C
90000A,Raspberry Ant Copper Flower Necklac,77.91,C
90129E,Purple Glass Tassle Bag Charm,77.04,C
20980,36 Pencils Tube Posy,76.91,C
90129C,Green Glass Tassle Bag Charm,76.81,C
84531A,Pink Knitted Egg Cosy,76.69,C
35916B,Blue Felt Hanging Heart With Flower,76.68,C
46000P,Polyester Filler Pad 65Cmx65Cm,76.5,C
84840,Sweetheart Carry-All Basket,76.44,C
90063B,Black Vint Art Dec Crystal Necklace,76.32,C
16207B,Pink Heart Red Handbag,76.14,C
72811,Small Zinc/Glass Candleholder,75.95,C
20798,Clear Milkshake Glass,75.6,C
90163A,Pink Rosebud & Pearl Necklace,75.36,C
90022,Edwardian Drop Earrings Jet Black,75.24,C
21413,Periwinkle T-Light Holder,75.02,C
84847,Floral Bathroom Set,75.0,C
90039D,Fire Polished Glass Bracelet Green,74.96,C
90003E,Green Pair Heart Hair Slides,74.92,C
23467,Vintage Zinc Planter,74.68,C
85198,Assorted Farmyard Animals In Bucket,74.58,C
21087,Set/6 Posies Paper Cups,74.57,C
90098,Necklace+Bracelet Pink Butterfly,73.95,C
90099,Necklace+Bracelet Set Blue Hibiscus,73.83,C
90177C,Drop Diamante Earrings Crystal,73.33,C
84231,Easter Bunny With Basket On Back,72.63,C
20960,Watermelon Bath Sponge,72.49,C
85049B,Lush Greens Ribbons,72.42,C
90030A,Spotted White Natural Seed Necklace,72.0,C
21946,Party Time Design Flannel,71.77,C
85197,Set Of 12 Mini Bunnies In A Bucket,71.4,C
23579,Snack Tray I Love London,71.35,C
17014A,Origami Vanilla Incense Cones,71.19,C
47589,Congratulations Bunting,70.85,C
84251B,"Greeting Card, Sticky Gordon",70.78,C
90177D,Drop Diamante Earrings Purple,70.63,C
51020B,Stripy Design Shower Cap,70.57,C
84927A,Wake Up Cockerel Tile Hook,70.45,C
90103,Purple Frangipani Necklace,70.18,C
90051,Cracked Glaze Necklace Red,70.16,C
16161G,Wrap Bad Hair Day,70.0,C
16020C,Clear Stationery Box Set,69.9,C
90125C,Turquoise Bertie Glass Bead Charm,69.85,C
46126A,Elvis Wallhanging / Curtain,69.84,C
90118,Pink Daisy Bag Charm,69.72,C
90199A,5 Strand Glass Necklace Black,69.63,C
23464,Vintage Zinc Watering Can Small,69.4,C
84549,Crochet White Rabbit Keyring,69.38,C
81952V,Round Purple Clock With Sucker,69.35,C
85188B,Pink Metal Swinging Bunny,68.7,C
85026B,Eau De Nile Jewelled T-Light Holder,68.57,C
20933,Yellow Pot Plant Candle,68.1,C
90151,Silver/Natural Shell Necklace,68.0,C
90059A,Diamante Hair Grip Pack/2 Crystal,67.93,C
90194,Silver Lariat Black Stone Earrings,67.87,C
84251G,"Greeting Card, Overcrowded Pool.",67.86,C
90000B,Midnight Blue Copper Flower Necklac,67.83,C
84874B,Blue Travel First Aid Kit,67.51,C
82011A,"Bathroom Scales, Tropical Beach",67.5,C
35916A,Yellow Felt Hanging Heart W Flower,67.39,C
90144,Silver Drop Earrings With Flower,67.36,C
90040B,Murano Style Glass Bracelet Black,66.7,C
35819P,"Acrylic Hanging Jewel,Pink",66.55,C
84686,Beach Hut Mirror,66.39,C
17011F,Origami Sandlewood Incense+Flower,66.36,C
37444A,Yellow Breakfast Cup And Saucer,66.35,C
20663,Queen Of The Skies Holiday Purse,66.26,C
85008,Set Of 3 Coney Island Oval Boxes,66.12,C
20835,French Lattice Cushion Cover,65.8,C
90211A,Diamond Las Vegas Necklace 45Cm,65.15,C
72799C,Pink Pillar Candle Silver Flock,64.9,C
84247K,"Folk Art Greeting Card,Pack/12",64.9,C
84247N,Pack/12 Blue Folkart Cards,64.9,C
90186B,Crystal Hoop Earring Floral Leaf,64.58,C
23442,12 Hanging Eggs Hand Painted,64.48,C
90214C,"Letter ""C"" Bling Key Ring",64.4,C
90081A,Lily Brooch Amethyst Colour,64.35,C
21031,Space Cadet Black,64.24,C
90036F,"Flower Glass Garld Neckl36""Turquois",64.08,C
90181A,Amber Glass/Shell/Pearl Necklace,64.04,C
21692,Silver Lattice Vanilla Candle Pot,63.75,C
84875D,Blue Square Compact Mirror,63.75,C
90214S,"Letter ""S"" Bling Key Ring",63.75,C
84673A,Pink Fly Swat,63.72,C
90036C,"Flower Glass Garland Neckl.36""Blue",63.5,C
90196B,Black Gemstone Necklace 45Cm,63.48,C
35815P,"Acrylic Jewel Snowflake, Pink",63.28,C
62094B,Turq Ice Cream Bum Bag,63.21,C
90141A,Green Pendant Triple Shell Necklace,63.11,C
22145,Christmas Craft Heart Stocking,63.0,C
84452,Metal Rabbit Ladder Easter,62.9,C
17012E,Origami Opium Incense/Candle Set,62.64,C
40046A,Red Daisy Paper Lampshade,62.5,C
84760S,Small Hanging Glass+Zinc Lantern,62.35,C
85160B,Black Bird Garden Design Mug,62.24,C
84247L,Fawn And Mushroom Greeting Card,62.06,C
20848,Zinc Heart Lattice Charger Small,61.95,C
16151A,Flowers Handbag Blue And Orange,61.25,C
71495B,Cd Wall Tidy Red Flowers,61.05,C
21655,Hanging Ridge Glass T-Light Holder,60.84,C
84859B,Blue Disco Handbag,60.68,C
84984D,Oriental Red C/Cover,60.45,C
84661C,Pink Square Table Clock,60.38,C
90155,Resin Necklace W Pastel Beads,60.14,C
23614,Set 10 Cards 12 Days Wrap  17058,59.94,C
90031,Bili Nut And Wood Necklace,59.89,C
23629,Set 10 Cards Dressing Up 17077,59.76,C
84806A,Pink Candystuft Artificial Flower,59.45,C
84985A,Set Of 72 Green Paper Doilies,59.45,C
21910,Way Out Metal Sign,59.4,C
79071B,English Rose Metal Waste Bin,59.0,C
90024B,New Baroque B'Fly Necklace Red,58.96,C
23575,Snack Tray Paisley Park,58.73,C
90202D,Pink Enamel Flower Hair Tie,58.66,C
20760,Garden Path Pocket Book,58.65,C
84798A,Pink Foxglove Artiifcial Flower,58.65,C
90202A,Purple Enamel Flower Hair Tie,58.48,C
90190C,Silver/Amethyst Drop Earrings Leaf,58.43,C
84877A,Pink Round Compact Mirror,58.16,C
90082D,Diamante Bow Brooch Black Colour,58.03,C
71406C,Black Orange Squeezer,57.96,C
84466,Top Secret Pen Set,57.5,C
84597C,Retro Pink Ball Ashtray,57.5,C
72801G,4 Burgundy Wine Dinner Candles,57.46,C
85006,Set 4 Nursery Des Round Boxes,57.25,C
90086,Crystal Frog Phone Charm,56.84,C
21460,Green Easter Egg Hunt Start Post,56.78,C
44236,Pink/Purple Circle Curtain,56.52,C
90003B,Rose Colour Pair Heart Hair Slides,56.31,C
47341B,Blue Table Run Flower,56.25,C
90038A,Glass And Painted Beads Bracelet To,56.15,C
90050,Cracked Glaze Necklace Ivory,55.72,C
90183B,Amethyst Drop Earrings W Long Beads,55.28,C
16046,Teatime Pen Case & Pens,55.25,C
90023,Filigree Diamante Earrings,55.02,C
84750B,Black Small Glass Cake Stand,54.99,C
90206A,Gold Diamante Star Brooch,54.82,C
90210A,Grey Acrylic Faceted Bangle,54.65,C
90214L,"Letter ""L"" Bling Key Ring",54.6,C
72132,Columbian Cube Candle,54.6,C
21336,Gold Washbag,54.57,C
90040A,Murano Style Glass Bracelet Red,54.29,C
84534B,Fairy Cake Notebook A5 Size,54.04,C
20793,Blue Tiled Tray,54.0,C
79323B,Black Cherry Lights,54.0,C
84251C,"Greeting Card, Two Sisters.",53.88,C
90012A,Midnight Blue Drop Crystal Necklace,53.76,C
90035A,"Pearl & Shell 42""Neckl. Green",53.62,C
20851,Zinc Heart Lattice Tray Oval,53.55,C
20756,Green Fern Pocket Book,53.55,C
20759,Chrysanthemum Pocket Book,53.55,C
47586A,Pink Fairy Cake Cushion Cover,53.55,C
90123B,Turquoise Heart Of Glass Bracelet,53.42,C
90211B,Jet Black Las Vegas Necklace 45Cm,53.26,C
90202C,Green Enamel Flower Hair Tie,52.91,C
90214J,"Letter ""J"" Bling Key Ring",52.9,C
20857,Blue Rose Patch Purse Pink Butterfl,52.8,C
90214K,"Letter ""K"" Bling Key Ring",52.62,C
90019C,Silver Black Orbit Bracelet,52.53,C
84842,Hello Sailor Bathroom Set,52.5,C
90176D,Diamante Necklace Purple,52.5,C
90141C,Turq Pendant Triple Shell Necklace,52.31,C
35265,Colourful Flower Fruit Bowl,52.2,C
90071,Ruby Glass Cluster Earrings,52.16,C
72134,Columbian  Cube Candle,52.1,C
84927D,La Palmiera Tile Hook,51.86,C
85028S,French Chateau Small Fruitbowl,51.6,C
90210B,Clear Acrylic Faceted Bangle,51.56,C
90205A,Large Mint Diamante Hairslide,51.51,C
84597B,Retro Brown Ball Ashtray,51.25,C
72133,Columbian Candle Rectangle,51.09,C
20910,Vintage Photo Album Paris Days,50.8,C
17007B,S/3 Pot Pouri Cushions Blue Colours,50.4,C
90018C,Silver Black Orbit Drop Earrings,50.4,C
47348A,Fuschia Voile Pointy Shoe Dec,50.31,C
44242B,Pink Feathers Curtain,50.28,C
90079,Vintage Enamel & Crystal Necklace,49.76,C
84510E,Set Of 4 Green Carousel Coasters,49.7,C
20667,Cherry Blossom Purse,49.69,C
90142D,Mop Pendant Shell Necklace,49.64,C
90157,Riviera Necklace,49.59,C
21089,Set/6 Green Spring Paper Cups,48.99,C
84497,Buttons And Stripes Notebook,48.75,C
90002D,Flower Burst Silver Ring Crystal,48.71,C
20697,Little Green Monster Soft Toy,48.45,C
21720,Cake Shop  Sticker Sheet,48.45,C
90205C,Large Crystal Diamante Hairslide,48.21,C
84402B,Purple Dress Jewellery Stand,48.19,C
21816,Christmas Tree T-Light Holder,47.85,C
90087,Crystal Sea Horse Phone Charm,47.78,C
90036A,Flower Garland Necklace Red,47.7,C
17084J,Love Potion Masala Incense,47.25,C
90065A,White Vintage Crystal Bracelet,47.25,C
84706F,Red Peony Table Clock,47.2,C
84715,Set Of 6 Ice Cream Skittles,47.2,C
90040C,Murano Style Glass Bracelet Gold,47.19,C
90138,White/Pink Mini Crystals Necklace,47.02,C
84750A,Pink Small Glass Cake Stand,46.8,C
84857B,Blue Monte Carlo Handbag,46.8,C
90190A,Silver/Crystal Drop Earrings W Leaf,46.76,C
90202B,White Enamel Flower Hair Tie,46.75,C
21392,Red Spotty Pudding Bowl,46.39,C
90214M,"Letter ""M"" Bling Key Ring",46.34,C
84801B,White Hydrangea Art Flower,46.2,C
90214E,"Letter ""E"" Bling Key Ring",45.95,C
85031A,Romantic Images Scrap Book Set,45.9,C
90169,Daisy Hair Comb,45.36,C
90012B,Black Drop Crystal Necklace,45.35,C
90163B,White Rosebud & Pearl Necklace,45.24,C
90038B,Glass And Painted Beads Bracelet Ol,45.04,C
90064B,Black Vintage  Crystal Earrings,45.0,C
85185D,Frog Sock Puppet,44.25,C
84086B,Yellow/Blue Retro Radio,44.25,C
90199B,5 Strand Glass Necklace Amethyst,44.13,C
20670,Vip Holiday Purse,44.04,C
90168,2 Daisies Hair Comb,43.86,C
47344B,Blue Flower Des Purse,43.66,C
79063C,"Retro Pill Box Key Chain,The King",43.46,C
20698,Little Pink Monster Soft Toy,43.35,C
90014C,Silver/Black Orbit Necklace,43.2,C
46138B,Blue Chenille Shaggy Cushion Cover,43.15,C
90214D,"Letter ""D"" Bling Key Ring",42.94,C
84539,Knitted Rabbit Doll,42.9,C
22987,"Wrap , Summer Rose Design",42.84,C
20818,Gold Teddy Bear,42.7,C
16254,Transparent Acrylic Tape Dispenser,42.58,C
37444C,Pink Breakfast Cup And Saucer,42.27,C
90029,New Baroque Small Necklace Black,42.14,C
90024F,New Baroque B'Fly Necklace Crystal,42.13,C
17084A,Tranquility Masala Incense,42.0,C
90120D,White Murano Twist Bracelet,41.79,C
20666,Economy Holiday Purse,41.53,C
90039B,Fire Polished Glass Bracelet Montan,41.31,C
90162C,Ant Silver Fuschia Boudicca Ring,41.3,C
84921,Cream And Pink Flowers Pony,41.25,C
23448,Cream Bunny Easter Egg Basket,41.25,C
75013B,"String Of 8 Butterflies,Pink",41.25,C
90067A,Pink Vintage Victorian Earrings,41.15,C
90177E,Drop Diamante Earrings Green,41.08,C
15030,Fan Black Frame,40.89,C
71495A,Cd Wall Tidy Blue Office,40.38,C
85092,Candy Spot Tea Cosy,40.05,C
90165B,White Rosebud  Pearl Earrings,39.99,C
90165A,Pink Rosebud Pearl Earrings,39.98,C
23625,Set 6 Cards Sparkly Reindeer 17262,39.92,C
72369A,Pink Clear Glass Candle Plate,39.92,C
84679,Classical Rose Table Lamp,39.9,C
90141B,Ivory Pendant Triple Shell Necklace,39.88,C
90135,Orange/Wht/Fuschia Stones Necklace,39.66,C
84725,Freestyle Canvas Art Picture,39.65,C
23440,Paint Your Own Eggs In Crate,39.52,C
84575A,Pink Dog Cannister,39.3,C
23578,Snack Tray Red Gingham,39.23,C
21307,Set/4 Butterfly Mirror Magnets,39.2,C
10120,Doggy Rubber,39.06,C
35910A,Multicolour Easter Rabbit,39.0,C
47341A,Fuschia Table Run Flower,38.75,C
90064A,White Vintage Crystal Earrings,38.7,C
21393,Blue  Spotty Pudding Bowl,38.67,C
85089,Candy Spot Bunny,38.35,C
84746,Pink Easter Hens+Flower,38.31,C
84617,New Baroque Black Boxes,38.25,C
84925D,La Palmiera Wall Thermometer,38.25,C
90190B,Gold/Amber Drop Earrings W Leaf,38.18,C
90059D,Diamante Hair Grip Pack/2 Peridot,38.15,C
90130C,Green Stone/Crystal Earrings,38.05,C
84922,Pink Butterfly Washbag,38.04,C
23038,T-Light Holder Silver Saucer,38.03,C
81952B,Round Blue Clock W/Sucker,38.0,C
90177A,Classic Diamante Earrings Jet,38.0,C
84033,Flag Of St George,37.95,C
84809B,Pink Chrysanthemums Art Flower,37.8,C
90075,Montana Diamond Cluster Necklace,37.66,C
90199D,5 Strand Glass Necklace Amber,37.62,C
90212B,Jet Black Las Vegas Bracelet Round,37.62,C
72709,Ivory Sculpted Rnd Candle,37.4,C
90074,Black Diamond Cluster Necklace,37.24,C
84751B,Black Medium Glass Cake Stand,37.11,C
47420,Assorted Colour Suction Cup Hook,37.05,C
84522,Pink Party Sunglasses,36.76,C
71510,Square Metal Candleholder Base,36.52,C
90059E,Diamante Hair Grip Pack/2 Ruby,36.42,C
84548,Crochet Bear Red/Blue  Keyring,36.3,C
17090D,Vanilla Incense 40 Cones In Tin,36.25,C
84226,Hen House W Family In Barn & Nest,36.21,C
85216,Assorted Cakes Fridge Magnets,35.75,C
35913B,White/Pink Chick Easter Decoration,35.48,C
90125B,Aqua Bertie Glass Bead Bag Charm,35.46,C
90123D,White Heart Of Glass Bracelet,35.31,C
90011B,Black Crystal Drop Earrings,35.27,C
90060F,Fire Polished Glass Neckl Green,35.16,C
79063D,"Retro Pill Box , Revolutionary",35.14,C
90131,Pink/Amethyst/Gold Necklace,34.87,C
90049,Ivory Gold Metal Bag Charm,34.77,C
20827,Gold Aperitif Glass,34.32,C
84873A,Funky Flower Picnic Bag For 4,33.9,C
90026C,Glass Bead Hoop Necklace Green,33.82,C
90024C,New Baroque B'Fly Necklace Green,33.81,C
90038C,Glass And Beads Bracelet Ivory,33.69,C
81950B,Flower Blue Clock W/Sucker,33.64,C
90129D,Amber Glass Tassle Bag Charm,33.44,C
37423,White With Black Cats Plate,33.18,C
90094,Necklace+Bracelet Set Fruit Salad,33.15,C
90214H,"Letter ""H"" Bling Key Ring",32.99,C
90214G,"Letter ""G"" Bling Key Ring",32.95,C
35610C,White Christmas Flock Droplet,32.51,C
23603,Set 10 Card Kraft Reindeer 17084,32.37,C
17109D,Flower Fairy Incense Bouquet,32.35,C
90177B,Drop Diamante Earrings Black Diamon,32.31,C
90182C,Black 3 Bead Drop Earrings,32.26,C
90186A,Amethyst Hoop Earring Floral Leaf,32.16,C
37468,Hardman Mug 3 Assorted,32.03,C
84824,Danish Rose Umbrella Stand,31.9,C
79191D,Retro Plastic Daisy Tray,31.87,C
90036B,"Flower Glass Garland Neckl.36""Green",31.8,C
79406,Frosted White Base,31.63,C
90059F,Diamante Hair Grip Pack/2 Lt Rose,31.39,C
23632,Set 10 Cards Cheerful Robin 17065,31.2,C
44228,Cannabis Leaf Bead Curtain,30.6,C
85018D,Yuletide Images S/6 Paper Boxes,30.6,C
37471,Multicolour Dots Plate,30.43,C
90176B,Diamante Necklace Black,30.12,C
90187B,Green Drop Earrings W Bead Cluster,30.07,C
20878,Set/9 Christmas T-Lights Scented,30.0,C
35610B,Black Christmas Flock Droplet,30.0,C
84805A,Cream Climbing Hydranga Art Flower,30.0,C
90195B,Black Gemstone Bracelet,29.98,C
21310,Capiz Chandelier,29.95,C
90122B,Jade Crystal+Glass Bracelet,29.93,C
21667,Glass Cake Cover And Plate,29.9,C
90180B,Purple Amethyst Necklace W Tassel,29.88,C
90136,Pale Pink/Amethyst Stone Necklace,29.85,C
90159,Cote D'Azure Necklace,29.79,C
90001D,Antique Olive Green Flower Earrings,29.73,C
90120A,Pink Murano Twist Bracelet,29.73,C
21757,Lighthouse Printed Metal Sign,29.7,C
21040,Modern Vintage Cotton Shopping Bag,29.7,C
35816P,"Acrylic Jewel Angel,Pink",29.64,C
84706D,Cherry Blossom Table Clock,29.6,C
17136A,Blue Stones On Wire For Candle,29.59,C
90162D,Ant Silver Purple Boudicca Ring,29.5,C
84465,15 Pink Fluffy Chicks In Box,29.5,C
90179A,Amber Fine Bead Necklace W Tassel,29.49,C
90179C,Black Fine Bead Necklace W Tassel,29.49,C
82605,Old Doc Russel Metal Sign,29.4,C
85030,French Chateau Oval Platter,29.25,C
21011,Glitter Snow Pear Tree Decoration,29.0,C
90152A,Silver/Nat Shell Necklace W Pendant,28.76,C
84803B,White Allium  Artificial Flower,28.73,C
17165D,Ass Col Large Sand Frog P'Weight,28.35,C
84798B,Purple Foxglove Artiifcial Flower,28.05,C
90005A,Jade Green Enamel Hair Comb,28.02,C
84199,Glow In Dark Dolphins,27.93,C
84613A,Pink New Baroque Flock Candlestick,27.9,C
23613,Set 10 Xmas Cards & Badges 17070,27.39,C
85126,Large Round Cutglass Candlestick,27.14,C
23702,High Resolution Image,27.0,C
79323P,Pink Cherry Lights,27.0,C
90085,Crystal Stiletto Phone Charm,26.56,C
35598A,Dusty Pink Christmas Tree 60Cm,26.55,C
84675,Frog King Watering Can,26.55,C
21836,Gingham Oven Glove Red Heart,26.49,C
72140E,Best Dad Candle Letters,26.35,C
90212C,Purple Las Vegas Bracelet Round,26.25,C
90039A,Fire Polished Glass Bracelet Red,26.23,C
85017C,Envelope 50 Curious Images,26.17,C
90183C,Black Drop Earrings W Long Beads,26.15,C
90214I,"Letter ""I"" Bling Key Ring",25.85,C
84968B,S/16 Vintage Ivory Cutlery,25.5,C
90026D,Glass Bead Hoop Necklace Amethyst,25.5,C
35910B,Pink Flowers Rabbit Easter,25.35,C
90026B,Glass Bead Hoop Necklace Montana,25.32,C
72783,Black Sil'T Squ Candle Plate,25.2,C
90013D,Purple Vintage Earrings,25.17,C
90033,Ivory Shell Heart Earrings,25.07,C
23620,Set 10 Cards Perfect Post 17090,24.9,C
23637,Set 10 Cards Out Of Order 17216,24.9,C
85115B,S/4 Black Disco Partition Panel,24.87,C
90059B,Diamante Hair Grip Pack/2 Black Dia,24.87,C
90043,Copper And Brass Bag Charm,24.81,C
20820,Silver Looking Mirror,24.75,C
84854,Girly Pink Tool Set,24.75,C
90141E,Orange Pendant Triple Shell Necklac,24.75,C
20778,Garden Path Notebook,24.75,C
84993B,75 Black Petit Four Cases,24.36,C
90214R,"Letter ""R"" Bling Key Ring",24.24,C
90076,Montana Diamond Cluster Earrings,24.12,C
21461,Blue Easter Egg Hunt Start Post,23.86,C
47503J,Set/3 Floral Garden Tools In Bag,23.85,C
84562A,Pink/White Ribbed Melamine Jug,23.85,C
90214N,"Letter ""N"" Bling Key Ring",23.8,C
21357,Toast Its - Dinosaur,23.75,C
85160A,White Bird Garden Design Mug,23.63,C
35909A,Rabbit Easter Decoration,23.6,C
35909B,Pink Flowers Rabbit Easter,23.6,C
90176C,Diamante Necklace,23.32,C
23623,Set 10 Card Christmas Welcome 17112,23.28,C
90104,Purple Frangipani Hairclip,23.16,C
90059C,Diamante Hair Grip Pack/2 Montana,23.14,C
85195,Hanging Heart Basket,23.1,C
23447,Pink Bunny Easter Egg Basket,23.1,C
85206B,Pink Felt Easter Egg Basket,23.1,C
22351,Dotcomgiftshop Tea Towel,23.09,C
90037B,Tiny Crystal Bracelet Green,22.8,C
90176E,Diamante Necklace Green,22.5,C
90093,Clear Crystal Star Phone Charm,22.49,C
90176A,Classic Diamante Necklace Jet,22.48,C
21018,Bird Box Christmas Tree Decoration,22.06,C
90056,Chunky Cracked Glaze Necklace Ivory,21.87,C
90027D,Glass Bead Hoop Earrings Amethyst,21.76,C
90035C,"Pearl & Shell 42""Neckl. Ivory",21.5,C
84387A,Bird On Branch Canvas Screen,21.45,C
23446,Blue Bunny Easter Egg Basket,21.45,C
84551,Crochet Dog Keyring,21.45,C
90214B,"Letter ""B"" Bling Key Ring",21.29,C
20695,Floral Blue Monster,21.25,C
90001B,Antique Mid Blue Flower Earrings,21.15,C
90001C,Antique Opal White Flower Earrings,21.13,C
90125E,Amber Bertie Glass Bead Bag Charm,21.05,C
16169P,Wrap Green Russian Folkart,21.0,C
23692,Wrap A Pretty Thank You,21.0,C
90001A,Antique Raspberry Flower Earrings,20.95,C
17001,Heavens Scent Fragrance Oils Asstd,20.88,C
90141D,Rose Pendant Triple Shell Necklace,20.36,C
90182A,Amber 3 Bead Drop Earrings,20.3,C
90034,White Silver Necklace Shell Glass,20.17,C
84415B,Blue Flock Cushion Cover,20.0,C
23601,Set 10 Cards Snowy Snowdrops  17100,19.92,C
23646,Set 10 Cards Jingle Bells 16957,19.92,C
21681,Giant Medina Stamped Metal Bowl,19.9,C
35817P,"Acrylic Jewel Snowflake,Pink",19.86,C
37491A,Yellow/Pink Ceramic Candle Holder,19.81,C
90156,Resin Bracelet W Pastel Beads,19.8,C
85024C,Pink Small Jewelled Photoframe,19.8,C
37487B,Yellow/Orange Flower Design Plate,19.72,C
90083,Crystal Czech Cross Phone Charm,19.56,C
85028L,French Chateau Large Fruit Bowl,19.5,C
79062D,"Retro Tin Ashtray,Revolutionary",19.4,C
85047,White Beaded Garland String 20Light,19.05,C
21416,Clam Shell Large,18.75,C
21538,Dairy Maid  Pudding Bowl,18.75,C
90039C,Fire Polished Glass Bracelet Black,18.75,C
84856S,Small Tahiti Beach Bag,18.6,C
35607B,Black Feather Christmas Decoration,18.24,C
72821,Cupid Scented Candle In Glass,18.15,C
21661,Vintage Glass Tea Caddy,17.85,C
90060D,Fire Polished Glass Neckl Bronze,17.85,C
84856L,Large Tahiti Beach Bag,17.82,C
20935,Round Cactus Candle,17.7,C
90162A,Ant Silver Turquoise Boudicca Ring,17.7,C
90027A,Glass Bead Hoop Earrings Black,17.66,C
90054,Cracked Glaze Earrings Red,17.62,C
90011A,Midnight Blue Crystal Drop Earrings,17.51,C
79331,Pink Flock Glass Candleholder,17.5,C
90130A,White Stone/Crystal Earrings,17.5,C
35597D,Pink/White Christmas Tree 30Cm,17.48,C
23627,Set 10 Cards Xmas Graphic  17218,17.43,C
23640,Set 10 Cards Scottie Dog 17211,17.43,C
23645,Set 10 Christmas Cards Hohoho 16956,17.43,C
35645,Vintage Bead Pink Jewel Box,17.0,C
44092C,Purple/Copper Hanging Lampshade,17.0,C
47574B,English Rose Scented Hanging Heart,17.0,C
85084,Holly Top Christmas Stocking,17.0,C
90026A,Glass Bead Hoop Necklace Black,17.0,C
21120,*Boombox Ipod Classic,16.98,C
20954,*Usb Office Mirror Ball,16.94,C
21595,Dad'S Cab Electronic Meter,16.94,C
90024D,New Baroque B'Fly Necklace Pink,16.82,C
90024E,New Baroque B'Fly Necklace Montana,16.81,C
21144,Pink Poodle Hanging Decoration,16.8,C
37489B,Blue/Yellow Flower Design Big Mug,16.77,C
90016C,Silver/Black Pendant Orbit Necklace,16.64,C
37489D,Pink/Green Flower Design Big Mug,16.38,C
90137,Pink Combo Mini Crystals Necklace,16.31,C
16248B,Blue Hole Punch,16.25,C
35647,Vintage Bead Pink Shade,16.25,C
72815,3 Wick Christmas Briar Candle,15.97,C
84795C,Ocean Stripe Hammock,15.9,C
85136B,Blue Shark Helicopter,15.9,C
20816,Gold Flower Cushion Cover,15.6,C
78034B,Blue Netting Storage Hanger,15.6,C
90132,Light Topaz Teal/Aqua Col Necklace,15.16,C
90188,Drop Earrings W Flower & Leaf,15.14,C
72024U,Lilac Votive Candle,15.12,C
90140,Pink Sweetie Necklace,15.12,C
35610A,Pink Christmas Flock Droplet,15.02,C
23449,Set Of 6 Easter Rainbow Chicks,15.0,C
84415A,Pink Flock Suede Cushion Cover,15.0,C
84462,3 Pink Hen+Chicks In Basket,15.0,C
84705C,Pink Flock Photo Frame,15.0,C
90069,Ruby Glass Cluster Necklace,15.0,C
90078,Pink/White Glass Demi Choker,15.0,C
90189A,Silver 2 Strand Necklace-Leaf Charm,15.0,C
90025F,Baroque Butterfly Earrings Crystal,14.96,C
85031C,Curious Images Scrap Book Set,14.85,C
90046,White With Metal Bag Charm,14.85,C
90048,Green With Metal Bag Charm,14.85,C
84593,Crochet Rose Des Clothes Hanger,14.75,C
90041,Pearl And Cherry Quartz Braclet,14.54,C
16202B,Pastel Blue Photo Album,14.5,C
90027C,Glass Bead Hoop Earrings Green,14.5,C
37489A,Yellow/Pink Flower Design Big Mug,14.43,C
47593A,Carousel Design Baby Bib,14.37,C
90052,Cracked Glaze Necklace Brown,14.14,C
62043B,Blue Check Bag W Handle 34X20Cm,14.11,C
79336,Light Pink Flock Glass Candleholder,13.68,C
37489C,Green/Blue Flower Design Big Mug,13.65,C
85017A,Envelope 50 Romantic Images,13.58,C
90065B,Black Vint Art Dec Crystal Bracelet,13.5,C
84745A,Pink Hanging Gingham Easter Hen,13.44,C
84745B,Blue Hanging Gingham Easter Hen,13.44,C
23639,Set 10 Cards Magical Tree 17086,13.32,C
23644,Set 10 Cards Christmas Tree 16955,13.32,C
23607,Set 10 Cards Hats & Stockings 17081,13.28,C
37491C,Green/Blue Ceramic Candle Holder,13.2,C
84388,Wise Man Star Shape Egg Pan,13.14,C
16162L,The King Gift Bag,13.0,C
90214P,"Letter ""P"" Bling Key Ring",12.98,C
47013C,Wine Bottle Dressing Dark Blue,12.97,C
18097A,Pink Tall Porcelain T-Light Holder,12.75,C
21895,Potting Shed Sow 'N' Grow Set,12.72,C
90042C,Freshwater Pearl Bracelet Ivory,12.7,C
20671,Blue Teatime Print Bowl,12.5,C
90214V,"Letter ""V"" Bling Key Ring",12.5,C
90020,Filigree Diamante Chain,12.48,C
23616,Set 10 Cards Jingle Bells 17217,12.45,C
37462E,"Pet Mug, Goldfish",12.27,C
79329,Pink Flock Glass Candleholder,12.18,C
84016,Flag Of St George Car Flag,12.16,C
90021,Laser Cut Multi Strand Necklace,11.95,C
90178B,Purple Chunky Glass+Bead Necklace,11.95,C
84614A,Pink Baroque Flock Candle Holder,11.9,C
84620,Blue Gingham Rose Cushion Cover,11.9,C
44092B,Blue White Plastic Rings Lampshade,11.9,C
37444B,Blue Breakfast Cup And Saucer,11.8,C
35818B,"Acrylic Jewel Icicle, Blue",11.78,C
16162M,The King Gift Bag 25X24X12Cm,11.76,C
16043,Pop Art Push Down Rubber,11.76,C
90214F,"Letter ""F"" Bling Key Ring",11.66,C
23605,Set 10 Cards 12 Days Of Xmas 17059,11.64,C
23634,Set 10 Cards Xmas Choir 17068,11.64,C
90182B,Amethyst 3 Bead Drop Earrings,11.6,C
72798C,Set/4 Garden Rose Dinner Candle,11.55,C
90089,Pink Crystal Skull Phone Charm,11.47,C
90152B,Blue/Green Shell Necklace W Pendant,11.46,C
17164B,Ass Col Small Sand Gecko P'Weight,11.34,C
90025D,Baroque Butterfly Earrings Pink,11.19,C
37488A,Yellow Pink Flower Design Big Bowl,10.92,C
79026B,"S/4 Icon Coaster,Elvis Lives",10.61,C
16161M,Wrap  Pink Flock,10.5,C
16169N,Wrap Blue Russian Folkart,10.5,C
35966,Folkart Christmas Tree T-Light Hold,10.26,C
35958,Folkart Zinc Star Christmas Dec,10.2,C
40005B,Blue Organdy Round Lampshade W Bea,10.2,C
85109,Pink Boudoir T-Light Holder,10.2,C
44089C,Lilac Gauze Butterfly Lampshade,10.08,C
90055,Cracked Glaze Earrings Brown,10.05,C
90037C,Tiny Crystal Bracelet Blue,10.04,C
90053,Cracked Glaze Earrings Ivory,9.99,C
90214T,"Letter ""T"" Bling Key Ring",9.98,C
23619,Set 10 Cards Poinsettia 17093,9.96,C
23624,Set 10 Card Perfect Nativity 17089,9.96,C
37474,Set/4 2 Tone Egg Shape Mixing Bowls,9.95,C
84689,S/2 Beach Hut Treasure Chests,9.95,C
37491D,Purple/Blue Ceramic Candle Holder,9.88,C
44242A,Lilac Feathers Curtain,9.48,C
71050,Small Single Flame Candle Holder,9.45,C
35809B,Enamel Blue Rim Tea Container,9.18,C
90181C,Black Glass/Shell/Pearl Necklace,9.15,C
37351,Orange Flower Mug,9.06,C
20906,Vintage Notebook Beauty Girl,8.85,C
45013,Folding Shoe Tidy,8.85,C
84773,Red Rose And Lace C/Cover,8.85,C
90077,Black Diamond Cluster Earrings,8.82,C
90011D,Purple Crystal Drop Earrings,8.76,C
90011E,Amber Crystal Drop Earrings,8.76,C
90027B,Glass Bead Hoop Earrings Montana,8.76,C
16206B,Red Purse With Pink Heart,8.75,C
23608,Set 10 Cards Rudolphs Nose 17097,8.73,C
23636,Set 10 Cards Wishing Tree 17116,8.73,C
90130D,Red Stone/Crystal Earrings,8.7,C
81950V,Flower Purple Clock W/Sucker,8.6,C
84732B,Cute Bird Ceature Screen,8.58,C
44265,M/Colour Pom-Pom Curtain,8.5,C
90102,White Frangipani Hair Clip,8.5,C
90167,Beaded Love Heart Jewellery Set,8.5,C
21410,Country Cottage  Doorstop Green,8.47,C
72803B,Ocean Scent Candle Jewelled Drawer,8.47,C
84975,Heart Shaped Mirror,8.45,C
20871,Opulent Velvet Set/3 Candles,8.42,C
23441,Hand Painted Hanging Easter Egg,8.4,C
90214Z,"Letter ""Z"" Bling Key Ring",8.36,C
21594,Dr. Jam'S Arouzer Stress Ball,8.34,C
23635,Set 10 Cards Christmas Holly  17259,8.32,C
23612,Set 10 Minicards Cute Snowman 17071,8.3,C
84924F,Psychedelic Metal Sign Calendar,7.9,C
16244B,Maxwell 2 Tone Blue 60 Page Photo A,7.85,C
35607A,Pink Fluffy Christmas Decoration,7.82,C
85189,Hanging Butterfly  Egg,7.65,C
90042A,Freshwater Pearl Bracelet Gold,7.65,C
16202E,Black Photo Album,7.5,C
17191A,Rose Flower Candle+Incense 16X16Cm,7.5,C
21827,Eight Piece Creepy Crawlie Set,7.5,C
37379A,Pink Cherry Blossom Cup & Saucer,7.5,C
84805B,Blue Climbing Hydranga Art Flower,7.5,C
90025A,Baroque Butterfly Earrings Black,7.5,C
90068,"Ruby Glass Necklace 42""",7.5,C
23615,Set 10 Cards Printed Graphic 17219,7.47,C
23633,Set 10 Cards World Children 17067,7.47,C
23650,Set 10 Cards Filigree Bauble 16961,7.47,C
23654,Set 10 Card Snowman 16965,7.47,C
62097B,Blue Stripes Shoulder Bag,7.47,C
90128A,Pink Leaves And Beads Phone Charm,7.43,C
71496B,A4 Wall Tidy Red Flowers,7.37,C
10124G,Army Camo Bookcover Tape,7.14,C
79149B,Silicon Star Bulb  Blue,7.14,C
35443,Rasta In Bath W Spliff Ashtray,6.8,C
84802B,Purple Anemone Artificial Flower,6.76,C
10124A,Spots On Red Bookcover Tape,6.72,C
21186,White Dove Honeycomb Paper Garland,6.72,C
35833G,4 Gold Flock Christmas Balls,6.72,C
62074B,Elephant Clip W Suction Cup,6.72,C
23604,Set 10 Mini Santa & Snowman  17087,6.64,C
20678,Large Black Diamante Hairslide,6.6,C
37491B,Blue/Yellow Ceramic Candle Holder,6.6,C
90126C,Amber Bertie Mobile Phone Charm,6.58,C
85224,Assorted Colour Silk Glasses Case,6.3,C
44089A,Pink Gauze Butterfly Lampshade,6.3,C
21228,"Pocket Mirror ""Glamorous""",6.25,C
35591T,Turquoise Christmas Tree,6.25,C
23610,Set 10 Cards Christmas Robin 17095,6.24,C
90060B,Fire Polished Glass Neckl Gold,5.95,C
90152C,Blue/Nat Shell Necklace W Pendant,5.95,C
84499,Black Flower Candle Plate,5.95,C
35598C,White Christmas Tree 60Cm,5.9,C
79161A,St George Set Of 10 Party Lights,5.9,C
23617,Set 10 Cards Swirly Xmas Tree 17104,5.82,C
23638,Set 10 Cards Robin Waterpump  17096,5.82,C
23652,Set 10 Card Christmas Stamps 16963,5.82,C
90179B,Purple Fine Bead Necklace W Tassel,5.82,C
90011C,Green Crystal Drop Earrings,5.8,C
90067B,Brown Vintage Victorian Earrings,5.8,C
23630,Set 10 Cards Hanging Baubles 17080,5.48,C
21839,Mummy Mouse Red Gingham Ribbon,5.45,C
35004P,Set Of 3 Pink Flying Ducks,5.45,C
90214Y,"Letter ""Y"" Bling Key Ring",5.44,C
81953P,Round Articulated Pink Clock W/Suck,5.32,C
20964,Polyester Filler Pad 60X40Cm,5.1,C
37509,New England Mug W Gift Box,5.1,C
90142A,Green Pendant Shell Necklace,5.09,C
84803A,Pink Allium  Artificial Flower,5.07,C
22034,Robin Christmas Card,5.02,C
23621,Set 10 Cards David'S Madonna 17074,4.98,C
23649,Set 10 Cards Deck The Halls 16960,4.98,C
90135A,Orange/Fuschia Stones Necklace,4.98,C
90128C,Green Leaves And Beads Phone Charm,4.97,C
90128D,Purple Leaves And Beads Phone Char,4.97,C
35650,Vintage Bead Pink Jewel Stand,4.95,C
85031B,Blossom Images Scrap Book Set,4.95,C
90081B,Lily Brooch White/Silver Colour,4.95,C
84971L,Large Heart Flowers Hook,4.92,C
90127A,Pink Beads+Hand Phone Charm,4.92,C
84613C,Blue New Baroque Flock Candlestick,4.65,C
71215,Metal Base For Candles,4.62,C
79151B,"Silicon Cube 25W, Blue",4.62,C
84206A,3 Black Cats W Hearts Blank Card,4.56,C
84732D,Cute Rabbit Ceature Screen,4.29,C
20703,Blue Padded Soft Mobile,4.25,C
22218,Cake Stand Lace White,4.25,C
79157V,Ubo-Light Triobase Purple,4.25,C
20861,Gold Cosmetic Bag Pink Star,4.2,C
47016,Light Decoration Battery Operated,4.2,C
22206,"Mug , Dotcomgiftshop.Com",4.17,C
17174,Asstd Rasta Key-Chains,3.78,C
44091A,Blue Crusoe Check Lampshade,3.78,C
90128B,Blue Leaves And Beads Phone Charm,3.76,C
37464,Robot Mug In Display Box,3.75,C
79192A,Retro Plastic 70'S Tray,3.75,C
90025B,Baroque Butterfly Earrings Red,3.73,C
90025E,Baroque Butterfly Earrings Montana,3.73,C
35271S,Gold Print Paper Bag,3.61,C
16010,Folding Camping Scissor W/Knif & S,3.6,C
84270,Asstd Design Bubble Gum Ring,3.57,C
16202A,Pastel Pink Photo Album,3.5,C
84802A,White Anemone Artificial Flower,3.38,C
21160,Keep Out Girls Door Hanger,3.36,C
22528,Gardeners Kneeling Pad,3.36,C
85119,Watering Can Single Hook Pistachio,3.36,C
90126A,Pink Bertie Mobile Phone Charm,3.36,C
90214W,"Letter ""W"" Bling Key Ring",3.34,C
23643,Set 10 Cards Christmas Bauble 16954,3.33,C
90187A,Blue Drop Earrings W Bead Cluster,3.32,C
10123C,Hearts Wrapping Tape,3.25,C
47013A,Wine Bottle Dressing Lt.Blue,3.04,C
23602,Set 10 Cards 3 Wise Men 17107,2.91,C
23609,Set 10 Cards Snowy Robin 17099,2.91,C
23628,Set 10 Cards Triangle Icons  17220,2.91,C
79157B,Ubo-Light Triobase Blue,2.55,C
90100,Necklace+Bracelet Set Pink Daisy,2.55,C
17028J,Incense Bazaar Peach,2.52,C
35609A,Pink Feather Christmas Decoration,2.51,C
90214O,"Letter ""O"" Bling Key Ring",2.51,C
62096B,Purple/Turq Flowers Handbag,2.5,C
90037A,Tiny Crystal Bracelet Red,2.48,C
84201B,Happy Birthday Card Stripey Teddy,2.47,C
37330,Spots Mug,2.34,C
46115B,Green Pop Art Mao Cushion Cover,2.28,C
77079,Dolphin Windmill,2.12,C
20860,Gold Cosmetics Bag With Butterfly,2.1,C
21414,Scallop Shell Soap Dish,2.1,C
47579,Tea Time Breakfast Basket,2.1,C
85170A,Set/6 Ivory Bird T-Light Candles,2.1,C
90112,Pink Dolly Hair Clips,2.1,C
81953B,Round Blue Clock With Sucker,2.09,C
84731,3 Birds Canvas Screen,2.04,C
21491,Set Of Three Vintage Gift Wraps,1.95,C
22146,Easter Craft Ivy Wreath With Chick,1.95,C
22323,Pink Polkadot Kids Bag,1.95,C
90092,Blue Crystal Boot Phone Charm,1.66,C
23664,Flower Shop Design Mug,1.65,C
84550,Crochet Lilac/Red Bear Keyring,1.65,C
84206C,Champagne Tray Blank Card,1.52,C
21009,Etched Glass Star Tree Decoration,1.25,C
35597A,Dusty Pink Christmas Tree 30Cm,1.25,C
35597B,Blackchristmas Tree 30Cm,1.25,C
37461,Funky Monkey Mug,1.25,C
84569C,Pack 4 Flower/Butterfly Patches,1.25,C
84743C,Orange Felt Vase + Flowers,1.25,C
84977,Wire Flower T-Light Holder,1.25,C
85225,Bling Key Ring Stand,1.25,C
84990,60 Gold And Silver Fairy Cake Cases,1.1,C
84201C,Happy Birthday Card Teddy/Cake,0.95,C
84206B,Cat W Sunglasses Blank Card,0.95,C
90084,Pink Crystal Guitar Phone Charm,0.85,C
21268,Vintage Blue Tinsel Reel,0.84,C
84227,Hen House W Chick In Nest,0.42,C
